91,-109,RXgRJmJo2eoCRxQxZACrheZ48ig=,Y57nm099KUZdLU1y3ea4W43yGOU=
81,-112,epP0nK5UUvYxIh9ZhogTzLGIZvE=,Y57nm099KUZdLU1y3ea4W43yGOU=
93,-97,epP0nK5UUvYxIh9ZhogTzLGIZvE=,Y57nm099KUZdLU1y3ea4W43yGOU=
92,-97,epP0nK5UUvYxIh9ZhogTzLGIZvE=,Y57nm099KUZdLU1y3ea4W43yGOU=
94,-97,epP0nK5UUvYxIh9ZhogTzLGIZvE=,Y57nm099KUZdLU1y3ea4W43yGOU=
92,-109,RXgRJmJo2eoCRxQxZACrheZ48ig=,Y57nm099KUZdLU1y3ea4W43yGOU=
93,-109,RXgRJmJo2eoCRxQxZACrheZ48ig=,Y57nm099KUZdLU1y3ea4W43yGOU=
91,-97,CnE8G+9obdkDjQDTJmBb47sF3v0=,Y57nm099KUZdLU1y3ea4W43yGOU=
95,-97,CnE8G+9obdkDjQDTJmBb47sF3v0=,Y57nm099KUZdLU1y3ea4W43yGOU=
82,-109,epP0nK5UUvYxIh9ZhogTzLGIZvE=,Y57nm099KUZdLU1y3ea4W43yGOU=
84,-110,CnE8G+9obdkDjQDTJmBb47sF3v0=,Y57nm099KUZdLU1y3ea4W43yGOU=
90,-97,CnE8G+9obdkDjQDTJmBb47sF3v0=,Y57nm099KUZdLU1y3ea4W43yGOU=
89,-97,RXgRJmJo2eoCRxQxZACrheZ48ig=,Y57nm099KUZdLU1y3ea4W43yGOU=
88,-97,CnE8G+9obdkDjQDTJmBb47sF3v0=,Y57nm099KUZdLU1y3ea4W43yGOU=
87,-109,CnE8G+9obdkDjQDTJmBb47sF3v0=,Y57nm099KUZdLU1y3ea4W43yGOU=
83,-97,CnE8G+9obdkDjQDTJmBb47sF3v0=,Y57nm099KUZdLU1y3ea4W43yGOU=
82,-97,CnE8G+9obdkDjQDTJmBb47sF3v0=,Y57nm099KUZdLU1y3ea4W43yGOU=
86,-97,RXgRJmJo2eoCRxQxZACrheZ48ig=,Y57nm099KUZdLU1y3ea4W43yGOU=
81,-109,CnE8G+9obdkDjQDTJmBb47sF3v0=,Y57nm099KUZdLU1y3ea4W43yGOU=
81,-97,CnE8G+9obdkDjQDTJmBb47sF3v0=,Y57nm099KUZdLU1y3ea4W43yGOU=
88,-109,RXgRJmJo2eoCRxQxZACrheZ48ig=,Y57nm099KUZdLU1y3ea4W43yGOU=
80,-112,CnE8G+9obdkDjQDTJmBb47sF3v0=,Y57nm099KUZdLU1y3ea4W43yGOU=
84,-111,epP0nK5UUvYxIh9ZhogTzLGIZvE=,Y57nm099KUZdLU1y3ea4W43yGOU=
90,-109,RXgRJmJo2eoCRxQxZACrheZ48ig=,Y57nm099KUZdLU1y3ea4W43yGOU=
80,-97,CnE8G+9obdkDjQDTJmBb47sF3v0=,Y57nm099KUZdLU1y3ea4W43yGOU=
87,-97,RXgRJmJo2eoCRxQxZACrheZ48ig=,Y57nm099KUZdLU1y3ea4W43yGOU=
85,-97,RXgRJmJo2eoCRxQxZACrheZ48ig=,Y57nm099KUZdLU1y3ea4W43yGOU=
86,-109,epP0nK5UUvYxIh9ZhogTzLGIZvE=,Y57nm099KUZdLU1y3ea4W43yGOU=
93,-98,RXgRJmJo2eoCRxQxZACrheZ48ig=,Y57nm099KUZdLU1y3ea4W43yGOU=
85,-112,epP0nK5UUvYxIh9ZhogTzLGIZvE=,Y57nm099KUZdLU1y3ea4W43yGOU=
84,-112,RXgRJmJo2eoCRxQxZACrheZ48ig=,Y57nm099KUZdLU1y3ea4W43yGOU=
95,-98,RXgRJmJo2eoCRxQxZACrheZ48ig=,Y57nm099KUZdLU1y3ea4W43yGOU=
83,-110,RXgRJmJo2eoCRxQxZACrheZ48ig=,Y57nm099KUZdLU1y3ea4W43yGOU=
85,-111,epP0nK5UUvYxIh9ZhogTzLGIZvE=,Y57nm099KUZdLU1y3ea4W43yGOU=
89,-109,RXgRJmJo2eoCRxQxZACrheZ48ig=,Y57nm099KUZdLU1y3ea4W43yGOU=
91,-98,RXgRJmJo2eoCRxQxZACrheZ48ig=,Y57nm099KUZdLU1y3ea4W43yGOU=
92,-98,RXgRJmJo2eoCRxQxZACrheZ48ig=,Y57nm099KUZdLU1y3ea4W43yGOU=
84,-97,RXgRJmJo2eoCRxQxZACrheZ48ig=,Y57nm099KUZdLU1y3ea4W43yGOU=
94,-98,RXgRJmJo2eoCRxQxZACrheZ48ig=,Y57nm099KUZdLU1y3ea4W43yGOU=
85,-109,CnE8G+9obdkDjQDTJmBb47sF3v0=,Y57nm099KUZdLU1y3ea4W43yGOU=
85,-110,CnE8G+9obdkDjQDTJmBb47sF3v0=,Y57nm099KUZdLU1y3ea4W43yGOU=
90,-98,RXgRJmJo2eoCRxQxZACrheZ48ig=,Y57nm099KUZdLU1y3ea4W43yGOU=
86,-110,epP0nK5UUvYxIh9ZhogTzLGIZvE=,Y57nm099KUZdLU1y3ea4W43yGOU=
83,-98,RXgRJmJo2eoCRxQxZACrheZ48ig=,Y57nm099KUZdLU1y3ea4W43yGOU=
82,-98,RXgRJmJo2eoCRxQxZACrheZ48ig=,Y57nm099KUZdLU1y3ea4W43yGOU=
84,-109,epP0nK5UUvYxIh9ZhogTzLGIZvE=,Y57nm099KUZdLU1y3ea4W43yGOU=
81,-98,RXgRJmJo2eoCRxQxZACrheZ48ig=,Y57nm099KUZdLU1y3ea4W43yGOU=
83,-112,CnE8G+9obdkDjQDTJmBb47sF3v0=,Y57nm099KUZdLU1y3ea4W43yGOU=
80,-98,RXgRJmJo2eoCRxQxZACrheZ48ig=,Y57nm099KUZdLU1y3ea4W43yGOU=
84,-98,RXgRJmJo2eoCRxQxZACrheZ48ig=,Y57nm099KUZdLU1y3ea4W43yGOU=
83,-109,epP0nK5UUvYxIh9ZhogTzLGIZvE=,Y57nm099KUZdLU1y3ea4W43yGOU=
89,-98,RXgRJmJo2eoCRxQxZACrheZ48ig=,Y57nm099KUZdLU1y3ea4W43yGOU=
95,-99,RXgRJmJo2eoCRxQxZACrheZ48ig=,Y57nm099KUZdLU1y3ea4W43yGOU=
86,-98,RXgRJmJo2eoCRxQxZACrheZ48ig=,Y57nm099KUZdLU1y3ea4W43yGOU=
92,-99,RXgRJmJo2eoCRxQxZACrheZ48ig=,Y57nm099KUZdLU1y3ea4W43yGOU=
87,-98,RXgRJmJo2eoCRxQxZACrheZ48ig=,Y57nm099KUZdLU1y3ea4W43yGOU=
85,-98,RXgRJmJo2eoCRxQxZACrheZ48ig=,Y57nm099KUZdLU1y3ea4W43yGOU=
88,-98,RXgRJmJo2eoCRxQxZACrheZ48ig=,Y57nm099KUZdLU1y3ea4W43yGOU=
91,-99,RXgRJmJo2eoCRxQxZACrheZ48ig=,Y57nm099KUZdLU1y3ea4W43yGOU=
93,-99,RXgRJmJo2eoCRxQxZACrheZ48ig=,Y57nm099KUZdLU1y3ea4W43yGOU=
85,-99,RXgRJmJo2eoCRxQxZACrheZ48ig=,Y57nm099KUZdLU1y3ea4W43yGOU=
94,-99,RXgRJmJo2eoCRxQxZACrheZ48ig=,Y57nm099KUZdLU1y3ea4W43yGOU=
82,-99,RXgRJmJo2eoCRxQxZACrheZ48ig=,Y57nm099KUZdLU1y3ea4W43yGOU=
83,-99,RXgRJmJo2eoCRxQxZACrheZ48ig=,Y57nm099KUZdLU1y3ea4W43yGOU=
80,-99,RXgRJmJo2eoCRxQxZACrheZ48ig=,Y57nm099KUZdLU1y3ea4W43yGOU=
81,-99,RXgRJmJo2eoCRxQxZACrheZ48ig=,Y57nm099KUZdLU1y3ea4W43yGOU=
82,-110,RXgRJmJo2eoCRxQxZACrheZ48ig=,Y57nm099KUZdLU1y3ea4W43yGOU=
84,-99,RXgRJmJo2eoCRxQxZACrheZ48ig=,Y57nm099KUZdLU1y3ea4W43yGOU=
81,-110,RXgRJmJo2eoCRxQxZACrheZ48ig=,Y57nm099KUZdLU1y3ea4W43yGOU=
86,-99,RXgRJmJo2eoCRxQxZACrheZ48ig=,Y57nm099KUZdLU1y3ea4W43yGOU=
83,-111,RXgRJmJo2eoCRxQxZACrheZ48ig=,Y57nm099KUZdLU1y3ea4W43yGOU=
89,-99,RXgRJmJo2eoCRxQxZACrheZ48ig=,Y57nm099KUZdLU1y3ea4W43yGOU=
94,-100,RXgRJmJo2eoCRxQxZACrheZ48ig=,Y57nm099KUZdLU1y3ea4W43yGOU=
88,-99,RXgRJmJo2eoCRxQxZACrheZ48ig=,Y57nm099KUZdLU1y3ea4W43yGOU=
87,-99,RXgRJmJo2eoCRxQxZACrheZ48ig=,Y57nm099KUZdLU1y3ea4W43yGOU=
93,-100,RXgRJmJo2eoCRxQxZACrheZ48ig=,Y57nm099KUZdLU1y3ea4W43yGOU=
92,-100,RXgRJmJo2eoCRxQxZACrheZ48ig=,Y57nm099KUZdLU1y3ea4W43yGOU=
95,-100,RXgRJmJo2eoCRxQxZACrheZ48ig=,Y57nm099KUZdLU1y3ea4W43yGOU=
90,-99,RXgRJmJo2eoCRxQxZACrheZ48ig=,Y57nm099KUZdLU1y3ea4W43yGOU=
91,-100,RXgRJmJo2eoCRxQxZACrheZ48ig=,Y57nm099KUZdLU1y3ea4W43yGOU=
82,-100,RXgRJmJo2eoCRxQxZACrheZ48ig=,Y57nm099KUZdLU1y3ea4W43yGOU=
81,-100,RXgRJmJo2eoCRxQxZACrheZ48ig=,Y57nm099KUZdLU1y3ea4W43yGOU=
81,-111,RXgRJmJo2eoCRxQxZACrheZ48ig=,Y57nm099KUZdLU1y3ea4W43yGOU=
80,-109,RXgRJmJo2eoCRxQxZACrheZ48ig=,Y57nm099KUZdLU1y3ea4W43yGOU=
80,-100,RXgRJmJo2eoCRxQxZACrheZ48ig=,Y57nm099KUZdLU1y3ea4W43yGOU=
95,-112,RXgRJmJo2eoCRxQxZACrheZ48ig=,Y57nm099KUZdLU1y3ea4W43yGOU=
80,-111,RXgRJmJo2eoCRxQxZACrheZ48ig=,Y57nm099KUZdLU1y3ea4W43yGOU=
80,-110,RXgRJmJo2eoCRxQxZACrheZ48ig=,Y57nm099KUZdLU1y3ea4W43yGOU=
84,-100,RXgRJmJo2eoCRxQxZACrheZ48ig=,Y57nm099KUZdLU1y3ea4W43yGOU=
95,-110,RXgRJmJo2eoCRxQxZACrheZ48ig=,Y57nm099KUZdLU1y3ea4W43yGOU=
94,-112,RXgRJmJo2eoCRxQxZACrheZ48ig=,Y57nm099KUZdLU1y3ea4W43yGOU=
95,-111,RXgRJmJo2eoCRxQxZACrheZ48ig=,Y57nm099KUZdLU1y3ea4W43yGOU=
95,-101,RXgRJmJo2eoCRxQxZACrheZ48ig=,Y57nm099KUZdLU1y3ea4W43yGOU=
94,-111,RXgRJmJo2eoCRxQxZACrheZ48ig=,Y57nm099KUZdLU1y3ea4W43yGOU=
85,-100,RXgRJmJo2eoCRxQxZACrheZ48ig=,Y57nm099KUZdLU1y3ea4W43yGOU=
89,-100,RXgRJmJo2eoCRxQxZACrheZ48ig=,Y57nm099KUZdLU1y3ea4W43yGOU=
87,-100,RXgRJmJo2eoCRxQxZACrheZ48ig=,Y57nm099KUZdLU1y3ea4W43yGOU=
88,-100,RXgRJmJo2eoCRxQxZACrheZ48ig=,Y57nm099KUZdLU1y3ea4W43yGOU=
94,-101,RXgRJmJo2eoCRxQxZACrheZ48ig=,Y57nm099KUZdLU1y3ea4W43yGOU=
86,-100,RXgRJmJo2eoCRxQxZACrheZ48ig=,Y57nm099KUZdLU1y3ea4W43yGOU=
82,-112,RXgRJmJo2eoCRxQxZACrheZ48ig=,Y57nm099KUZdLU1y3ea4W43yGOU=
82,-111,RXgRJmJo2eoCRxQxZACrheZ48ig=,Y57nm099KUZdLU1y3ea4W43yGOU=
90,-100,RXgRJmJo2eoCRxQxZACrheZ48ig=,Y57nm099KUZdLU1y3ea4W43yGOU=
83,-100,RXgRJmJo2eoCRxQxZACrheZ48ig=,Y57nm099KUZdLU1y3ea4W43yGOU=
93,-101,RXgRJmJo2eoCRxQxZACrheZ48ig=,Y57nm099KUZdLU1y3ea4W43yGOU=
85,-101,RXgRJmJo2eoCRxQxZACrheZ48ig=,Y57nm099KUZdLU1y3ea4W43yGOU=
92,-101,RXgRJmJo2eoCRxQxZACrheZ48ig=,Y57nm099KUZdLU1y3ea4W43yGOU=
81,-101,RXgRJmJo2eoCRxQxZACrheZ48ig=,Y57nm099KUZdLU1y3ea4W43yGOU=
80,-101,RXgRJmJo2eoCRxQxZACrheZ48ig=,Y57nm099KUZdLU1y3ea4W43yGOU=
93,-112,RXgRJmJo2eoCRxQxZACrheZ48ig=,Y57nm099KUZdLU1y3ea4W43yGOU=
93,-111,RXgRJmJo2eoCRxQxZACrheZ48ig=,Y57nm099KUZdLU1y3ea4W43yGOU=
94,-110,RXgRJmJo2eoCRxQxZACrheZ48ig=,Y57nm099KUZdLU1y3ea4W43yGOU=
82,-101,RXgRJmJo2eoCRxQxZACrheZ48ig=,Y57nm099KUZdLU1y3ea4W43yGOU=
86,-101,RXgRJmJo2eoCRxQxZACrheZ48ig=,Y57nm099KUZdLU1y3ea4W43yGOU=
88,-101,RXgRJmJo2eoCRxQxZACrheZ48ig=,Y57nm099KUZdLU1y3ea4W43yGOU=
83,-101,RXgRJmJo2eoCRxQxZACrheZ48ig=,Y57nm099KUZdLU1y3ea4W43yGOU=
95,-102,RXgRJmJo2eoCRxQxZACrheZ48ig=,Y57nm099KUZdLU1y3ea4W43yGOU=
89,-101,RXgRJmJo2eoCRxQxZACrheZ48ig=,Y57nm099KUZdLU1y3ea4W43yGOU=
90,-101,RXgRJmJo2eoCRxQxZACrheZ48ig=,Y57nm099KUZdLU1y3ea4W43yGOU=
94,-102,RXgRJmJo2eoCRxQxZACrheZ48ig=,Y57nm099KUZdLU1y3ea4W43yGOU=
84,-101,RXgRJmJo2eoCRxQxZACrheZ48ig=,Y57nm099KUZdLU1y3ea4W43yGOU=
91,-101,RXgRJmJo2eoCRxQxZACrheZ48ig=,Y57nm099KUZdLU1y3ea4W43yGOU=
87,-101,RXgRJmJo2eoCRxQxZACrheZ48ig=,Y57nm099KUZdLU1y3ea4W43yGOU=
88,-102,RXgRJmJo2eoCRxQxZACrheZ48ig=,Y57nm099KUZdLU1y3ea4W43yGOU=
93,-102,RXgRJmJo2eoCRxQxZACrheZ48ig=,Y57nm099KUZdLU1y3ea4W43yGOU=
89,-102,RXgRJmJo2eoCRxQxZACrheZ48ig=,Y57nm099KUZdLU1y3ea4W43yGOU=
82,-102,RXgRJmJo2eoCRxQxZACrheZ48ig=,Y57nm099KUZdLU1y3ea4W43yGOU=
93,-110,RXgRJmJo2eoCRxQxZACrheZ48ig=,Y57nm099KUZdLU1y3ea4W43yGOU=
81,-102,RXgRJmJo2eoCRxQxZACrheZ48ig=,Y57nm099KUZdLU1y3ea4W43yGOU=
80,-102,RXgRJmJo2eoCRxQxZACrheZ48ig=,Y57nm099KUZdLU1y3ea4W43yGOU=
92,-112,RXgRJmJo2eoCRxQxZACrheZ48ig=,Y57nm099KUZdLU1y3ea4W43yGOU=
90,-102,RXgRJmJo2eoCRxQxZACrheZ48ig=,Y57nm099KUZdLU1y3ea4W43yGOU=
92,-111,RXgRJmJo2eoCRxQxZACrheZ48ig=,Y57nm099KUZdLU1y3ea4W43yGOU=
86,-102,RXgRJmJo2eoCRxQxZACrheZ48ig=,Y57nm099KUZdLU1y3ea4W43yGOU=
87,-102,RXgRJmJo2eoCRxQxZACrheZ48ig=,Y57nm099KUZdLU1y3ea4W43yGOU=
85,-102,RXgRJmJo2eoCRxQxZACrheZ48ig=,Y57nm099KUZdLU1y3ea4W43yGOU=
91,-102,RXgRJmJo2eoCRxQxZACrheZ48ig=,Y57nm099KUZdLU1y3ea4W43yGOU=
94,-103,RXgRJmJo2eoCRxQxZACrheZ48ig=,Y57nm099KUZdLU1y3ea4W43yGOU=
93,-103,RXgRJmJo2eoCRxQxZACrheZ48ig=,Y57nm099KUZdLU1y3ea4W43yGOU=
95,-103,RXgRJmJo2eoCRxQxZACrheZ48ig=,Y57nm099KUZdLU1y3ea4W43yGOU=
92,-102,RXgRJmJo2eoCRxQxZACrheZ48ig=,Y57nm099KUZdLU1y3ea4W43yGOU=
86,-103,RXgRJmJo2eoCRxQxZACrheZ48ig=,Y57nm099KUZdLU1y3ea4W43yGOU=
87,-103,RXgRJmJo2eoCRxQxZACrheZ48ig=,Y57nm099KUZdLU1y3ea4W43yGOU=
88,-103,RXgRJmJo2eoCRxQxZACrheZ48ig=,Y57nm099KUZdLU1y3ea4W43yGOU=
82,-103,RXgRJmJo2eoCRxQxZACrheZ48ig=,Y57nm099KUZdLU1y3ea4W43yGOU=
81,-103,RXgRJmJo2eoCRxQxZACrheZ48ig=,Y57nm099KUZdLU1y3ea4W43yGOU=
80,-103,RXgRJmJo2eoCRxQxZACrheZ48ig=,Y57nm099KUZdLU1y3ea4W43yGOU=
92,-110,RXgRJmJo2eoCRxQxZACrheZ48ig=,Y57nm099KUZdLU1y3ea4W43yGOU=
85,-103,RXgRJmJo2eoCRxQxZACrheZ48ig=,Y57nm099KUZdLU1y3ea4W43yGOU=
92,-103,RXgRJmJo2eoCRxQxZACrheZ48ig=,Y57nm099KUZdLU1y3ea4W43yGOU=
84,-102,RXgRJmJo2eoCRxQxZACrheZ48ig=,Y57nm099KUZdLU1y3ea4W43yGOU=
89,-103,RXgRJmJo2eoCRxQxZACrheZ48ig=,Y57nm099KUZdLU1y3ea4W43yGOU=
94,-104,RXgRJmJo2eoCRxQxZACrheZ48ig=,Y57nm099KUZdLU1y3ea4W43yGOU=
91,-103,RXgRJmJo2eoCRxQxZACrheZ48ig=,Y57nm099KUZdLU1y3ea4W43yGOU=
83,-103,RXgRJmJo2eoCRxQxZACrheZ48ig=,Y57nm099KUZdLU1y3ea4W43yGOU=
90,-103,RXgRJmJo2eoCRxQxZACrheZ48ig=,Y57nm099KUZdLU1y3ea4W43yGOU=
95,-104,RXgRJmJo2eoCRxQxZACrheZ48ig=,Y57nm099KUZdLU1y3ea4W43yGOU=
93,-104,RXgRJmJo2eoCRxQxZACrheZ48ig=,Y57nm099KUZdLU1y3ea4W43yGOU=
84,-103,RXgRJmJo2eoCRxQxZACrheZ48ig=,Y57nm099KUZdLU1y3ea4W43yGOU=
91,-111,RXgRJmJo2eoCRxQxZACrheZ48ig=,Y57nm099KUZdLU1y3ea4W43yGOU=
83,-102,RXgRJmJo2eoCRxQxZACrheZ48ig=,Y57nm099KUZdLU1y3ea4W43yGOU=
86,-104,RXgRJmJo2eoCRxQxZACrheZ48ig=,Y57nm099KUZdLU1y3ea4W43yGOU=
87,-104,RXgRJmJo2eoCRxQxZACrheZ48ig=,Y57nm099KUZdLU1y3ea4W43yGOU=
82,-104,RXgRJmJo2eoCRxQxZACrheZ48ig=,Y57nm099KUZdLU1y3ea4W43yGOU=
81,-104,RXgRJmJo2eoCRxQxZACrheZ48ig=,Y57nm099KUZdLU1y3ea4W43yGOU=
80,-104,RXgRJmJo2eoCRxQxZACrheZ48ig=,Y57nm099KUZdLU1y3ea4W43yGOU=
84,-104,RXgRJmJo2eoCRxQxZACrheZ48ig=,Y57nm099KUZdLU1y3ea4W43yGOU=
91,-110,RXgRJmJo2eoCRxQxZACrheZ48ig=,Y57nm099KUZdLU1y3ea4W43yGOU=
83,-104,RXgRJmJo2eoCRxQxZACrheZ48ig=,Y57nm099KUZdLU1y3ea4W43yGOU=
91,-104,RXgRJmJo2eoCRxQxZACrheZ48ig=,Y57nm099KUZdLU1y3ea4W43yGOU=
94,-105,RXgRJmJo2eoCRxQxZACrheZ48ig=,Y57nm099KUZdLU1y3ea4W43yGOU=
93,-105,RXgRJmJo2eoCRxQxZACrheZ48ig=,Y57nm099KUZdLU1y3ea4W43yGOU=
88,-104,RXgRJmJo2eoCRxQxZACrheZ48ig=,Y57nm099KUZdLU1y3ea4W43yGOU=
95,-105,RXgRJmJo2eoCRxQxZACrheZ48ig=,Y57nm099KUZdLU1y3ea4W43yGOU=
85,-104,RXgRJmJo2eoCRxQxZACrheZ48ig=,Y57nm099KUZdLU1y3ea4W43yGOU=
92,-104,RXgRJmJo2eoCRxQxZACrheZ48ig=,Y57nm099KUZdLU1y3ea4W43yGOU=
91,-112,RXgRJmJo2eoCRxQxZACrheZ48ig=,Y57nm099KUZdLU1y3ea4W43yGOU=
90,-104,RXgRJmJo2eoCRxQxZACrheZ48ig=,Y57nm099KUZdLU1y3ea4W43yGOU=
89,-104,RXgRJmJo2eoCRxQxZACrheZ48ig=,Y57nm099KUZdLU1y3ea4W43yGOU=
92,-105,RXgRJmJo2eoCRxQxZACrheZ48ig=,Y57nm099KUZdLU1y3ea4W43yGOU=
85,-105,RXgRJmJo2eoCRxQxZACrheZ48ig=,Y57nm099KUZdLU1y3ea4W43yGOU=
83,-105,RXgRJmJo2eoCRxQxZACrheZ48ig=,Y57nm099KUZdLU1y3ea4W43yGOU=
82,-105,RXgRJmJo2eoCRxQxZACrheZ48ig=,Y57nm099KUZdLU1y3ea4W43yGOU=
81,-105,RXgRJmJo2eoCRxQxZACrheZ48ig=,Y57nm099KUZdLU1y3ea4W43yGOU=
90,-111,RXgRJmJo2eoCRxQxZACrheZ48ig=,Y57nm099KUZdLU1y3ea4W43yGOU=
80,-105,RXgRJmJo2eoCRxQxZACrheZ48ig=,Y57nm099KUZdLU1y3ea4W43yGOU=
87,-105,RXgRJmJo2eoCRxQxZACrheZ48ig=,Y57nm099KUZdLU1y3ea4W43yGOU=
95,-106,RXgRJmJo2eoCRxQxZACrheZ48ig=,Y57nm099KUZdLU1y3ea4W43yGOU=
84,-105,RXgRJmJo2eoCRxQxZACrheZ48ig=,Y57nm099KUZdLU1y3ea4W43yGOU=
94,-106,RXgRJmJo2eoCRxQxZACrheZ48ig=,Y57nm099KUZdLU1y3ea4W43yGOU=
93,-106,RXgRJmJo2eoCRxQxZACrheZ48ig=,Y57nm099KUZdLU1y3ea4W43yGOU=
92,-106,RXgRJmJo2eoCRxQxZACrheZ48ig=,Y57nm099KUZdLU1y3ea4W43yGOU=
90,-112,RXgRJmJo2eoCRxQxZACrheZ48ig=,Y57nm099KUZdLU1y3ea4W43yGOU=
86,-105,RXgRJmJo2eoCRxQxZACrheZ48ig=,Y57nm099KUZdLU1y3ea4W43yGOU=
88,-105,RXgRJmJo2eoCRxQxZACrheZ48ig=,Y57nm099KUZdLU1y3ea4W43yGOU=
91,-105,RXgRJmJo2eoCRxQxZACrheZ48ig=,Y57nm099KUZdLU1y3ea4W43yGOU=
89,-105,RXgRJmJo2eoCRxQxZACrheZ48ig=,Y57nm099KUZdLU1y3ea4W43yGOU=
86,-106,RXgRJmJo2eoCRxQxZACrheZ48ig=,Y57nm099KUZdLU1y3ea4W43yGOU=
89,-112,RXgRJmJo2eoCRxQxZACrheZ48ig=,Y57nm099KUZdLU1y3ea4W43yGOU=
91,-106,RXgRJmJo2eoCRxQxZACrheZ48ig=,Y57nm099KUZdLU1y3ea4W43yGOU=
87,-106,RXgRJmJo2eoCRxQxZACrheZ48ig=,Y57nm099KUZdLU1y3ea4W43yGOU=
82,-106,RXgRJmJo2eoCRxQxZACrheZ48ig=,Y57nm099KUZdLU1y3ea4W43yGOU=
85,-106,RXgRJmJo2eoCRxQxZACrheZ48ig=,Y57nm099KUZdLU1y3ea4W43yGOU=
81,-106,RXgRJmJo2eoCRxQxZACrheZ48ig=,Y57nm099KUZdLU1y3ea4W43yGOU=
80,-106,RXgRJmJo2eoCRxQxZACrheZ48ig=,Y57nm099KUZdLU1y3ea4W43yGOU=
84,-106,RXgRJmJo2eoCRxQxZACrheZ48ig=,Y57nm099KUZdLU1y3ea4W43yGOU=
95,-107,RXgRJmJo2eoCRxQxZACrheZ48ig=,Y57nm099KUZdLU1y3ea4W43yGOU=
83,-106,RXgRJmJo2eoCRxQxZACrheZ48ig=,Y57nm099KUZdLU1y3ea4W43yGOU=
94,-107,RXgRJmJo2eoCRxQxZACrheZ48ig=,Y57nm099KUZdLU1y3ea4W43yGOU=
93,-107,RXgRJmJo2eoCRxQxZACrheZ48ig=,Y57nm099KUZdLU1y3ea4W43yGOU=
92,-107,RXgRJmJo2eoCRxQxZACrheZ48ig=,Y57nm099KUZdLU1y3ea4W43yGOU=
91,-107,RXgRJmJo2eoCRxQxZACrheZ48ig=,Y57nm099KUZdLU1y3ea4W43yGOU=
89,-111,RXgRJmJo2eoCRxQxZACrheZ48ig=,Y57nm099KUZdLU1y3ea4W43yGOU=
90,-110,RXgRJmJo2eoCRxQxZACrheZ48ig=,Y57nm099KUZdLU1y3ea4W43yGOU=
90,-106,RXgRJmJo2eoCRxQxZACrheZ48ig=,Y57nm099KUZdLU1y3ea4W43yGOU=
89,-106,RXgRJmJo2eoCRxQxZACrheZ48ig=,Y57nm099KUZdLU1y3ea4W43yGOU=
88,-111,RXgRJmJo2eoCRxQxZACrheZ48ig=,Y57nm099KUZdLU1y3ea4W43yGOU=
90,-105,RXgRJmJo2eoCRxQxZACrheZ48ig=,Y57nm099KUZdLU1y3ea4W43yGOU=
88,-106,RXgRJmJo2eoCRxQxZACrheZ48ig=,Y57nm099KUZdLU1y3ea4W43yGOU=
88,-112,RXgRJmJo2eoCRxQxZACrheZ48ig=,Y57nm099KUZdLU1y3ea4W43yGOU=
89,-110,RXgRJmJo2eoCRxQxZACrheZ48ig=,Y57nm099KUZdLU1y3ea4W43yGOU=
81,-107,RXgRJmJo2eoCRxQxZACrheZ48ig=,Y57nm099KUZdLU1y3ea4W43yGOU=
80,-107,RXgRJmJo2eoCRxQxZACrheZ48ig=,Y57nm099KUZdLU1y3ea4W43yGOU=
90,-107,RXgRJmJo2eoCRxQxZACrheZ48ig=,Y57nm099KUZdLU1y3ea4W43yGOU=
84,-107,RXgRJmJo2eoCRxQxZACrheZ48ig=,Y57nm099KUZdLU1y3ea4W43yGOU=
95,-108,RXgRJmJo2eoCRxQxZACrheZ48ig=,Y57nm099KUZdLU1y3ea4W43yGOU=
86,-107,RXgRJmJo2eoCRxQxZACrheZ48ig=,Y57nm099KUZdLU1y3ea4W43yGOU=
94,-108,RXgRJmJo2eoCRxQxZACrheZ48ig=,Y57nm099KUZdLU1y3ea4W43yGOU=
93,-108,RXgRJmJo2eoCRxQxZACrheZ48ig=,Y57nm099KUZdLU1y3ea4W43yGOU=
91,-108,RXgRJmJo2eoCRxQxZACrheZ48ig=,Y57nm099KUZdLU1y3ea4W43yGOU=
92,-108,RXgRJmJo2eoCRxQxZACrheZ48ig=,Y57nm099KUZdLU1y3ea4W43yGOU=
85,-107,RXgRJmJo2eoCRxQxZACrheZ48ig=,Y57nm099KUZdLU1y3ea4W43yGOU=
87,-107,RXgRJmJo2eoCRxQxZACrheZ48ig=,Y57nm099KUZdLU1y3ea4W43yGOU=
82,-107,RXgRJmJo2eoCRxQxZACrheZ48ig=,Y57nm099KUZdLU1y3ea4W43yGOU=
88,-107,RXgRJmJo2eoCRxQxZACrheZ48ig=,Y57nm099KUZdLU1y3ea4W43yGOU=
83,-107,RXgRJmJo2eoCRxQxZACrheZ48ig=,Y57nm099KUZdLU1y3ea4W43yGOU=
89,-107,RXgRJmJo2eoCRxQxZACrheZ48ig=,Y57nm099KUZdLU1y3ea4W43yGOU=
88,-110,RXgRJmJo2eoCRxQxZACrheZ48ig=,Y57nm099KUZdLU1y3ea4W43yGOU=
90,-108,RXgRJmJo2eoCRxQxZACrheZ48ig=,Y57nm099KUZdLU1y3ea4W43yGOU=
86,-108,RXgRJmJo2eoCRxQxZACrheZ48ig=,Y57nm099KUZdLU1y3ea4W43yGOU=
81,-108,RXgRJmJo2eoCRxQxZACrheZ48ig=,Y57nm099KUZdLU1y3ea4W43yGOU=
80,-108,RXgRJmJo2eoCRxQxZACrheZ48ig=,Y57nm099KUZdLU1y3ea4W43yGOU=
87,-112,RXgRJmJo2eoCRxQxZACrheZ48ig=,Y57nm099KUZdLU1y3ea4W43yGOU=
87,-111,RXgRJmJo2eoCRxQxZACrheZ48ig=,Y57nm099KUZdLU1y3ea4W43yGOU=
82,-108,RXgRJmJo2eoCRxQxZACrheZ48ig=,Y57nm099KUZdLU1y3ea4W43yGOU=
95,-109,RXgRJmJo2eoCRxQxZACrheZ48ig=,Y57nm099KUZdLU1y3ea4W43yGOU=
94,-109,RXgRJmJo2eoCRxQxZACrheZ48ig=,Y57nm099KUZdLU1y3ea4W43yGOU=
84,-108,RXgRJmJo2eoCRxQxZACrheZ48ig=,Y57nm099KUZdLU1y3ea4W43yGOU=
85,-108,RXgRJmJo2eoCRxQxZACrheZ48ig=,Y57nm099KUZdLU1y3ea4W43yGOU=
87,-108,RXgRJmJo2eoCRxQxZACrheZ48ig=,Y57nm099KUZdLU1y3ea4W43yGOU=
83,-108,RXgRJmJo2eoCRxQxZACrheZ48ig=,Y57nm099KUZdLU1y3ea4W43yGOU=
86,-112,RXgRJmJo2eoCRxQxZACrheZ48ig=,Y57nm099KUZdLU1y3ea4W43yGOU=
87,-110,RXgRJmJo2eoCRxQxZACrheZ48ig=,Y57nm099KUZdLU1y3ea4W43yGOU=
86,-111,RXgRJmJo2eoCRxQxZACrheZ48ig=,Y57nm099KUZdLU1y3ea4W43yGOU=
88,-108,RXgRJmJo2eoCRxQxZACrheZ48ig=,Y57nm099KUZdLU1y3ea4W43yGOU=
89,-108,RXgRJmJo2eoCRxQxZACrheZ48ig=,Y57nm099KUZdLU1y3ea4W43yGOU=
87,-125,RXgRJmJo2eoCRxQxZACrheZ48ig=,Y57nm099KUZdLU1y3ea4W43yGOU=
88,-125,R/CloMz5VTINw/2BtKdXGWPN3AQ=,Y57nm099KUZdLU1y3ea4W43yGOU=
89,-125,R/CloMz5VTINw/2BtKdXGWPN3AQ=,Y57nm099KUZdLU1y3ea4W43yGOU=
85,-128,RXgRJmJo2eoCRxQxZACrheZ48ig=,Y57nm099KUZdLU1y3ea4W43yGOU=
86,-125,RXgRJmJo2eoCRxQxZACrheZ48ig=,Y57nm099KUZdLU1y3ea4W43yGOU=
86,-126,RXgRJmJo2eoCRxQxZACrheZ48ig=,Y57nm099KUZdLU1y3ea4W43yGOU=
85,-126,RXgRJmJo2eoCRxQxZACrheZ48ig=,Y57nm099KUZdLU1y3ea4W43yGOU=
85,-125,RXgRJmJo2eoCRxQxZACrheZ48ig=,Y57nm099KUZdLU1y3ea4W43yGOU=
83,-128,RXgRJmJo2eoCRxQxZACrheZ48ig=,Y57nm099KUZdLU1y3ea4W43yGOU=
84,-125,RXgRJmJo2eoCRxQxZACrheZ48ig=,Y57nm099KUZdLU1y3ea4W43yGOU=
83,-125,RXgRJmJo2eoCRxQxZACrheZ48ig=,Y57nm099KUZdLU1y3ea4W43yGOU=
82,-125,RXgRJmJo2eoCRxQxZACrheZ48ig=,Y57nm099KUZdLU1y3ea4W43yGOU=
85,-127,RXgRJmJo2eoCRxQxZACrheZ48ig=,Y57nm099KUZdLU1y3ea4W43yGOU=
84,-127,RXgRJmJo2eoCRxQxZACrheZ48ig=,Y57nm099KUZdLU1y3ea4W43yGOU=
81,-128,RXgRJmJo2eoCRxQxZACrheZ48ig=,Y57nm099KUZdLU1y3ea4W43yGOU=
95,-114,RXgRJmJo2eoCRxQxZACrheZ48ig=,Y57nm099KUZdLU1y3ea4W43yGOU=
81,-125,RXgRJmJo2eoCRxQxZACrheZ48ig=,Y57nm099KUZdLU1y3ea4W43yGOU=
84,-126,RXgRJmJo2eoCRxQxZACrheZ48ig=,Y57nm099KUZdLU1y3ea4W43yGOU=
80,-128,RXgRJmJo2eoCRxQxZACrheZ48ig=,Y57nm099KUZdLU1y3ea4W43yGOU=
83,-126,RXgRJmJo2eoCRxQxZACrheZ48ig=,Y57nm099KUZdLU1y3ea4W43yGOU=
94,-114,RXgRJmJo2eoCRxQxZACrheZ48ig=,Y57nm099KUZdLU1y3ea4W43yGOU=
84,-128,RXgRJmJo2eoCRxQxZACrheZ48ig=,Y57nm099KUZdLU1y3ea4W43yGOU=
93,-114,RXgRJmJo2eoCRxQxZACrheZ48ig=,Y57nm099KUZdLU1y3ea4W43yGOU=
92,-114,RXgRJmJo2eoCRxQxZACrheZ48ig=,Y57nm099KUZdLU1y3ea4W43yGOU=
82,-114,RXgRJmJo2eoCRxQxZACrheZ48ig=,Y57nm099KUZdLU1y3ea4W43yGOU=
81,-114,RXgRJmJo2eoCRxQxZACrheZ48ig=,Y57nm099KUZdLU1y3ea4W43yGOU=
80,-114,RXgRJmJo2eoCRxQxZACrheZ48ig=,Y57nm099KUZdLU1y3ea4W43yGOU=
95,-115,RXgRJmJo2eoCRxQxZACrheZ48ig=,Y57nm099KUZdLU1y3ea4W43yGOU=
83,-127,RXgRJmJo2eoCRxQxZACrheZ48ig=,Y57nm099KUZdLU1y3ea4W43yGOU=
82,-126,RXgRJmJo2eoCRxQxZACrheZ48ig=,Y57nm099KUZdLU1y3ea4W43yGOU=
94,-115,RXgRJmJo2eoCRxQxZACrheZ48ig=,Y57nm099KUZdLU1y3ea4W43yGOU=
93,-115,RXgRJmJo2eoCRxQxZACrheZ48ig=,Y57nm099KUZdLU1y3ea4W43yGOU=
92,-115,RXgRJmJo2eoCRxQxZACrheZ48ig=,Y57nm099KUZdLU1y3ea4W43yGOU=
84,-115,RXgRJmJo2eoCRxQxZACrheZ48ig=,Y57nm099KUZdLU1y3ea4W43yGOU=
83,-115,RXgRJmJo2eoCRxQxZACrheZ48ig=,Y57nm099KUZdLU1y3ea4W43yGOU=
81,-115,RXgRJmJo2eoCRxQxZACrheZ48ig=,Y57nm099KUZdLU1y3ea4W43yGOU=
80,-115,RXgRJmJo2eoCRxQxZACrheZ48ig=,Y57nm099KUZdLU1y3ea4W43yGOU=
82,-115,RXgRJmJo2eoCRxQxZACrheZ48ig=,Y57nm099KUZdLU1y3ea4W43yGOU=
82,-127,RXgRJmJo2eoCRxQxZACrheZ48ig=,Y57nm099KUZdLU1y3ea4W43yGOU=
95,-116,R/CloMz5VTINw/2BtKdXGWPN3AQ=,Y57nm099KUZdLU1y3ea4W43yGOU=
81,-126,R/CloMz5VTINw/2BtKdXGWPN3AQ=,Y57nm099KUZdLU1y3ea4W43yGOU=
94,-116,R/CloMz5VTINw/2BtKdXGWPN3AQ=,Y57nm099KUZdLU1y3ea4W43yGOU=
93,-116,R/CloMz5VTINw/2BtKdXGWPN3AQ=,Y57nm099KUZdLU1y3ea4W43yGOU=
92,-116,R/CloMz5VTINw/2BtKdXGWPN3AQ=,Y57nm099KUZdLU1y3ea4W43yGOU=
91,-116,R/CloMz5VTINw/2BtKdXGWPN3AQ=,Y57nm099KUZdLU1y3ea4W43yGOU=
88,-116,R/CloMz5VTINw/2BtKdXGWPN3AQ=,Y57nm099KUZdLU1y3ea4W43yGOU=
86,-116,R/CloMz5VTINw/2BtKdXGWPN3AQ=,Y57nm099KUZdLU1y3ea4W43yGOU=
85,-116,R/CloMz5VTINw/2BtKdXGWPN3AQ=,Y57nm099KUZdLU1y3ea4W43yGOU=
84,-116,R/CloMz5VTINw/2BtKdXGWPN3AQ=,Y57nm099KUZdLU1y3ea4W43yGOU=
82,-116,R/CloMz5VTINw/2BtKdXGWPN3AQ=,Y57nm099KUZdLU1y3ea4W43yGOU=
83,-116,R/CloMz5VTINw/2BtKdXGWPN3AQ=,Y57nm099KUZdLU1y3ea4W43yGOU=
81,-116,R/CloMz5VTINw/2BtKdXGWPN3AQ=,Y57nm099KUZdLU1y3ea4W43yGOU=
80,-116,R/CloMz5VTINw/2BtKdXGWPN3AQ=,Y57nm099KUZdLU1y3ea4W43yGOU=
80,-127,R/CloMz5VTINw/2BtKdXGWPN3AQ=,Y57nm099KUZdLU1y3ea4W43yGOU=
81,-127,R/CloMz5VTINw/2BtKdXGWPN3AQ=,Y57nm099KUZdLU1y3ea4W43yGOU=
95,-128,R/CloMz5VTINw/2BtKdXGWPN3AQ=,Y57nm099KUZdLU1y3ea4W43yGOU=
82,-128,R/CloMz5VTINw/2BtKdXGWPN3AQ=,Y57nm099KUZdLU1y3ea4W43yGOU=
80,-125,R/CloMz5VTINw/2BtKdXGWPN3AQ=,Y57nm099KUZdLU1y3ea4W43yGOU=
94,-128,R/CloMz5VTINw/2BtKdXGWPN3AQ=,Y57nm099KUZdLU1y3ea4W43yGOU=
80,-126,R/CloMz5VTINw/2BtKdXGWPN3AQ=,Y57nm099KUZdLU1y3ea4W43yGOU=
95,-126,R/CloMz5VTINw/2BtKdXGWPN3AQ=,Y57nm099KUZdLU1y3ea4W43yGOU=
95,-127,R/CloMz5VTINw/2BtKdXGWPN3AQ=,Y57nm099KUZdLU1y3ea4W43yGOU=
94,-127,R/CloMz5VTINw/2BtKdXGWPN3AQ=,Y57nm099KUZdLU1y3ea4W43yGOU=
94,-117,R/CloMz5VTINw/2BtKdXGWPN3AQ=,Y57nm099KUZdLU1y3ea4W43yGOU=
95,-117,R/CloMz5VTINw/2BtKdXGWPN3AQ=,Y57nm099KUZdLU1y3ea4W43yGOU=
93,-117,R/CloMz5VTINw/2BtKdXGWPN3AQ=,Y57nm099KUZdLU1y3ea4W43yGOU=
92,-117,R/CloMz5VTINw/2BtKdXGWPN3AQ=,Y57nm099KUZdLU1y3ea4W43yGOU=
91,-117,R/CloMz5VTINw/2BtKdXGWPN3AQ=,Y57nm099KUZdLU1y3ea4W43yGOU=
90,-117,R/CloMz5VTINw/2BtKdXGWPN3AQ=,Y57nm099KUZdLU1y3ea4W43yGOU=
89,-117,R/CloMz5VTINw/2BtKdXGWPN3AQ=,Y57nm099KUZdLU1y3ea4W43yGOU=
88,-117,R/CloMz5VTINw/2BtKdXGWPN3AQ=,Y57nm099KUZdLU1y3ea4W43yGOU=
87,-117,R/CloMz5VTINw/2BtKdXGWPN3AQ=,Y57nm099KUZdLU1y3ea4W43yGOU=
86,-117,R/CloMz5VTINw/2BtKdXGWPN3AQ=,Y57nm099KUZdLU1y3ea4W43yGOU=
85,-117,R/CloMz5VTINw/2BtKdXGWPN3AQ=,Y57nm099KUZdLU1y3ea4W43yGOU=
84,-117,R/CloMz5VTINw/2BtKdXGWPN3AQ=,Y57nm099KUZdLU1y3ea4W43yGOU=
83,-117,R/CloMz5VTINw/2BtKdXGWPN3AQ=,Y57nm099KUZdLU1y3ea4W43yGOU=
81,-117,R/CloMz5VTINw/2BtKdXGWPN3AQ=,Y57nm099KUZdLU1y3ea4W43yGOU=
82,-117,R/CloMz5VTINw/2BtKdXGWPN3AQ=,Y57nm099KUZdLU1y3ea4W43yGOU=
93,-128,R/CloMz5VTINw/2BtKdXGWPN3AQ=,Y57nm099KUZdLU1y3ea4W43yGOU=
80,-117,R/CloMz5VTINw/2BtKdXGWPN3AQ=,Y57nm099KUZdLU1y3ea4W43yGOU=
93,-127,R/CloMz5VTINw/2BtKdXGWPN3AQ=,Y57nm099KUZdLU1y3ea4W43yGOU=
95,-118,R/CloMz5VTINw/2BtKdXGWPN3AQ=,Y57nm099KUZdLU1y3ea4W43yGOU=
94,-126,R/CloMz5VTINw/2BtKdXGWPN3AQ=,Y57nm099KUZdLU1y3ea4W43yGOU=
94,-118,R/CloMz5VTINw/2BtKdXGWPN3AQ=,Y57nm099KUZdLU1y3ea4W43yGOU=
93,-118,R/CloMz5VTINw/2BtKdXGWPN3AQ=,Y57nm099KUZdLU1y3ea4W43yGOU=
91,-118,R/CloMz5VTINw/2BtKdXGWPN3AQ=,Y57nm099KUZdLU1y3ea4W43yGOU=
92,-118,R/CloMz5VTINw/2BtKdXGWPN3AQ=,Y57nm099KUZdLU1y3ea4W43yGOU=
90,-118,R/CloMz5VTINw/2BtKdXGWPN3AQ=,Y57nm099KUZdLU1y3ea4W43yGOU=
88,-118,R/CloMz5VTINw/2BtKdXGWPN3AQ=,Y57nm099KUZdLU1y3ea4W43yGOU=
87,-118,R/CloMz5VTINw/2BtKdXGWPN3AQ=,Y57nm099KUZdLU1y3ea4W43yGOU=
86,-118,R/CloMz5VTINw/2BtKdXGWPN3AQ=,Y57nm099KUZdLU1y3ea4W43yGOU=
89,-118,R/CloMz5VTINw/2BtKdXGWPN3AQ=,Y57nm099KUZdLU1y3ea4W43yGOU=
85,-118,R/CloMz5VTINw/2BtKdXGWPN3AQ=,Y57nm099KUZdLU1y3ea4W43yGOU=
84,-118,R/CloMz5VTINw/2BtKdXGWPN3AQ=,Y57nm099KUZdLU1y3ea4W43yGOU=
83,-118,R/CloMz5VTINw/2BtKdXGWPN3AQ=,Y57nm099KUZdLU1y3ea4W43yGOU=
82,-118,R/CloMz5VTINw/2BtKdXGWPN3AQ=,Y57nm099KUZdLU1y3ea4W43yGOU=
81,-118,R/CloMz5VTINw/2BtKdXGWPN3AQ=,Y57nm099KUZdLU1y3ea4W43yGOU=
92,-128,R/CloMz5VTINw/2BtKdXGWPN3AQ=,Y57nm099KUZdLU1y3ea4W43yGOU=
93,-126,R/CloMz5VTINw/2BtKdXGWPN3AQ=,Y57nm099KUZdLU1y3ea4W43yGOU=
80,-118,R/CloMz5VTINw/2BtKdXGWPN3AQ=,Y57nm099KUZdLU1y3ea4W43yGOU=
95,-119,R/CloMz5VTINw/2BtKdXGWPN3AQ=,Y57nm099KUZdLU1y3ea4W43yGOU=
92,-127,R/CloMz5VTINw/2BtKdXGWPN3AQ=,Y57nm099KUZdLU1y3ea4W43yGOU=
94,-119,R/CloMz5VTINw/2BtKdXGWPN3AQ=,Y57nm099KUZdLU1y3ea4W43yGOU=
93,-119,R/CloMz5VTINw/2BtKdXGWPN3AQ=,Y57nm099KUZdLU1y3ea4W43yGOU=
92,-119,R/CloMz5VTINw/2BtKdXGWPN3AQ=,Y57nm099KUZdLU1y3ea4W43yGOU=
91,-119,R/CloMz5VTINw/2BtKdXGWPN3AQ=,Y57nm099KUZdLU1y3ea4W43yGOU=
89,-119,R/CloMz5VTINw/2BtKdXGWPN3AQ=,Y57nm099KUZdLU1y3ea4W43yGOU=
88,-119,R/CloMz5VTINw/2BtKdXGWPN3AQ=,Y57nm099KUZdLU1y3ea4W43yGOU=
87,-119,R/CloMz5VTINw/2BtKdXGWPN3AQ=,Y57nm099KUZdLU1y3ea4W43yGOU=
90,-119,R/CloMz5VTINw/2BtKdXGWPN3AQ=,Y57nm099KUZdLU1y3ea4W43yGOU=
84,-119,R/CloMz5VTINw/2BtKdXGWPN3AQ=,Y57nm099KUZdLU1y3ea4W43yGOU=
85,-119,R/CloMz5VTINw/2BtKdXGWPN3AQ=,Y57nm099KUZdLU1y3ea4W43yGOU=
86,-119,R/CloMz5VTINw/2BtKdXGWPN3AQ=,Y57nm099KUZdLU1y3ea4W43yGOU=
83,-119,R/CloMz5VTINw/2BtKdXGWPN3AQ=,Y57nm099KUZdLU1y3ea4W43yGOU=
82,-119,R/CloMz5VTINw/2BtKdXGWPN3AQ=,Y57nm099KUZdLU1y3ea4W43yGOU=
81,-119,R/CloMz5VTINw/2BtKdXGWPN3AQ=,Y57nm099KUZdLU1y3ea4W43yGOU=
91,-128,R/CloMz5VTINw/2BtKdXGWPN3AQ=,Y57nm099KUZdLU1y3ea4W43yGOU=
80,-119,R/CloMz5VTINw/2BtKdXGWPN3AQ=,Y57nm099KUZdLU1y3ea4W43yGOU=
92,-126,R/CloMz5VTINw/2BtKdXGWPN3AQ=,Y57nm099KUZdLU1y3ea4W43yGOU=
95,-120,R/CloMz5VTINw/2BtKdXGWPN3AQ=,Y57nm099KUZdLU1y3ea4W43yGOU=
91,-127,R/CloMz5VTINw/2BtKdXGWPN3AQ=,Y57nm099KUZdLU1y3ea4W43yGOU=
94,-120,R/CloMz5VTINw/2BtKdXGWPN3AQ=,Y57nm099KUZdLU1y3ea4W43yGOU=
93,-120,R/CloMz5VTINw/2BtKdXGWPN3AQ=,Y57nm099KUZdLU1y3ea4W43yGOU=
92,-120,R/CloMz5VTINw/2BtKdXGWPN3AQ=,Y57nm099KUZdLU1y3ea4W43yGOU=
91,-120,R/CloMz5VTINw/2BtKdXGWPN3AQ=,Y57nm099KUZdLU1y3ea4W43yGOU=
90,-120,R/CloMz5VTINw/2BtKdXGWPN3AQ=,Y57nm099KUZdLU1y3ea4W43yGOU=
89,-120,R/CloMz5VTINw/2BtKdXGWPN3AQ=,Y57nm099KUZdLU1y3ea4W43yGOU=
88,-120,R/CloMz5VTINw/2BtKdXGWPN3AQ=,Y57nm099KUZdLU1y3ea4W43yGOU=
87,-120,R/CloMz5VTINw/2BtKdXGWPN3AQ=,Y57nm099KUZdLU1y3ea4W43yGOU=
86,-120,R/CloMz5VTINw/2BtKdXGWPN3AQ=,Y57nm099KUZdLU1y3ea4W43yGOU=
85,-120,R/CloMz5VTINw/2BtKdXGWPN3AQ=,Y57nm099KUZdLU1y3ea4W43yGOU=
84,-120,R/CloMz5VTINw/2BtKdXGWPN3AQ=,Y57nm099KUZdLU1y3ea4W43yGOU=
83,-120,R/CloMz5VTINw/2BtKdXGWPN3AQ=,Y57nm099KUZdLU1y3ea4W43yGOU=
82,-120,R/CloMz5VTINw/2BtKdXGWPN3AQ=,Y57nm099KUZdLU1y3ea4W43yGOU=
81,-120,R/CloMz5VTINw/2BtKdXGWPN3AQ=,Y57nm099KUZdLU1y3ea4W43yGOU=
90,-128,R/CloMz5VTINw/2BtKdXGWPN3AQ=,Y57nm099KUZdLU1y3ea4W43yGOU=
80,-120,R/CloMz5VTINw/2BtKdXGWPN3AQ=,Y57nm099KUZdLU1y3ea4W43yGOU=
91,-126,R/CloMz5VTINw/2BtKdXGWPN3AQ=,Y57nm099KUZdLU1y3ea4W43yGOU=
95,-121,R/CloMz5VTINw/2BtKdXGWPN3AQ=,Y57nm099KUZdLU1y3ea4W43yGOU=
90,-127,R/CloMz5VTINw/2BtKdXGWPN3AQ=,Y57nm099KUZdLU1y3ea4W43yGOU=
94,-121,R/CloMz5VTINw/2BtKdXGWPN3AQ=,Y57nm099KUZdLU1y3ea4W43yGOU=
93,-121,R/CloMz5VTINw/2BtKdXGWPN3AQ=,Y57nm099KUZdLU1y3ea4W43yGOU=
92,-121,R/CloMz5VTINw/2BtKdXGWPN3AQ=,Y57nm099KUZdLU1y3ea4W43yGOU=
91,-121,R/CloMz5VTINw/2BtKdXGWPN3AQ=,Y57nm099KUZdLU1y3ea4W43yGOU=
90,-121,R/CloMz5VTINw/2BtKdXGWPN3AQ=,Y57nm099KUZdLU1y3ea4W43yGOU=
89,-121,R/CloMz5VTINw/2BtKdXGWPN3AQ=,Y57nm099KUZdLU1y3ea4W43yGOU=
88,-121,R/CloMz5VTINw/2BtKdXGWPN3AQ=,Y57nm099KUZdLU1y3ea4W43yGOU=
87,-121,R/CloMz5VTINw/2BtKdXGWPN3AQ=,Y57nm099KUZdLU1y3ea4W43yGOU=
86,-121,R/CloMz5VTINw/2BtKdXGWPN3AQ=,Y57nm099KUZdLU1y3ea4W43yGOU=
85,-121,R/CloMz5VTINw/2BtKdXGWPN3AQ=,Y57nm099KUZdLU1y3ea4W43yGOU=
84,-121,R/CloMz5VTINw/2BtKdXGWPN3AQ=,Y57nm099KUZdLU1y3ea4W43yGOU=
83,-121,R/CloMz5VTINw/2BtKdXGWPN3AQ=,Y57nm099KUZdLU1y3ea4W43yGOU=
82,-121,R/CloMz5VTINw/2BtKdXGWPN3AQ=,Y57nm099KUZdLU1y3ea4W43yGOU=
81,-121,R/CloMz5VTINw/2BtKdXGWPN3AQ=,Y57nm099KUZdLU1y3ea4W43yGOU=
89,-128,R/CloMz5VTINw/2BtKdXGWPN3AQ=,Y57nm099KUZdLU1y3ea4W43yGOU=
90,-126,R/CloMz5VTINw/2BtKdXGWPN3AQ=,Y57nm099KUZdLU1y3ea4W43yGOU=
80,-121,R/CloMz5VTINw/2BtKdXGWPN3AQ=,Y57nm099KUZdLU1y3ea4W43yGOU=
89,-127,R/CloMz5VTINw/2BtKdXGWPN3AQ=,Y57nm099KUZdLU1y3ea4W43yGOU=
95,-122,R/CloMz5VTINw/2BtKdXGWPN3AQ=,Y57nm099KUZdLU1y3ea4W43yGOU=
94,-122,R/CloMz5VTINw/2BtKdXGWPN3AQ=,Y57nm099KUZdLU1y3ea4W43yGOU=
93,-122,R/CloMz5VTINw/2BtKdXGWPN3AQ=,Y57nm099KUZdLU1y3ea4W43yGOU=
92,-122,R/CloMz5VTINw/2BtKdXGWPN3AQ=,Y57nm099KUZdLU1y3ea4W43yGOU=
91,-122,R/CloMz5VTINw/2BtKdXGWPN3AQ=,Y57nm099KUZdLU1y3ea4W43yGOU=
90,-122,R/CloMz5VTINw/2BtKdXGWPN3AQ=,Y57nm099KUZdLU1y3ea4W43yGOU=
89,-122,R/CloMz5VTINw/2BtKdXGWPN3AQ=,Y57nm099KUZdLU1y3ea4W43yGOU=
88,-122,R/CloMz5VTINw/2BtKdXGWPN3AQ=,Y57nm099KUZdLU1y3ea4W43yGOU=
87,-122,R/CloMz5VTINw/2BtKdXGWPN3AQ=,Y57nm099KUZdLU1y3ea4W43yGOU=
86,-122,R/CloMz5VTINw/2BtKdXGWPN3AQ=,Y57nm099KUZdLU1y3ea4W43yGOU=
85,-122,R/CloMz5VTINw/2BtKdXGWPN3AQ=,Y57nm099KUZdLU1y3ea4W43yGOU=
84,-122,R/CloMz5VTINw/2BtKdXGWPN3AQ=,Y57nm099KUZdLU1y3ea4W43yGOU=
83,-122,R/CloMz5VTINw/2BtKdXGWPN3AQ=,Y57nm099KUZdLU1y3ea4W43yGOU=
82,-122,R/CloMz5VTINw/2BtKdXGWPN3AQ=,Y57nm099KUZdLU1y3ea4W43yGOU=
81,-122,R/CloMz5VTINw/2BtKdXGWPN3AQ=,Y57nm099KUZdLU1y3ea4W43yGOU=
80,-122,R/CloMz5VTINw/2BtKdXGWPN3AQ=,Y57nm099KUZdLU1y3ea4W43yGOU=
88,-128,R/CloMz5VTINw/2BtKdXGWPN3AQ=,Y57nm099KUZdLU1y3ea4W43yGOU=
89,-126,R/CloMz5VTINw/2BtKdXGWPN3AQ=,Y57nm099KUZdLU1y3ea4W43yGOU=
88,-127,R/CloMz5VTINw/2BtKdXGWPN3AQ=,Y57nm099KUZdLU1y3ea4W43yGOU=
95,-123,R/CloMz5VTINw/2BtKdXGWPN3AQ=,Y57nm099KUZdLU1y3ea4W43yGOU=
94,-123,R/CloMz5VTINw/2BtKdXGWPN3AQ=,Y57nm099KUZdLU1y3ea4W43yGOU=
93,-123,R/CloMz5VTINw/2BtKdXGWPN3AQ=,Y57nm099KUZdLU1y3ea4W43yGOU=
92,-123,R/CloMz5VTINw/2BtKdXGWPN3AQ=,Y57nm099KUZdLU1y3ea4W43yGOU=
91,-123,R/CloMz5VTINw/2BtKdXGWPN3AQ=,Y57nm099KUZdLU1y3ea4W43yGOU=
90,-123,R/CloMz5VTINw/2BtKdXGWPN3AQ=,Y57nm099KUZdLU1y3ea4W43yGOU=
89,-123,R/CloMz5VTINw/2BtKdXGWPN3AQ=,Y57nm099KUZdLU1y3ea4W43yGOU=
88,-123,R/CloMz5VTINw/2BtKdXGWPN3AQ=,Y57nm099KUZdLU1y3ea4W43yGOU=
87,-123,R/CloMz5VTINw/2BtKdXGWPN3AQ=,Y57nm099KUZdLU1y3ea4W43yGOU=
86,-123,R/CloMz5VTINw/2BtKdXGWPN3AQ=,Y57nm099KUZdLU1y3ea4W43yGOU=
85,-123,R/CloMz5VTINw/2BtKdXGWPN3AQ=,Y57nm099KUZdLU1y3ea4W43yGOU=
84,-123,R/CloMz5VTINw/2BtKdXGWPN3AQ=,Y57nm099KUZdLU1y3ea4W43yGOU=
83,-123,R/CloMz5VTINw/2BtKdXGWPN3AQ=,Y57nm099KUZdLU1y3ea4W43yGOU=
82,-123,R/CloMz5VTINw/2BtKdXGWPN3AQ=,Y57nm099KUZdLU1y3ea4W43yGOU=
81,-123,R/CloMz5VTINw/2BtKdXGWPN3AQ=,Y57nm099KUZdLU1y3ea4W43yGOU=
87,-128,R/CloMz5VTINw/2BtKdXGWPN3AQ=,Y57nm099KUZdLU1y3ea4W43yGOU=
80,-123,R/CloMz5VTINw/2BtKdXGWPN3AQ=,Y57nm099KUZdLU1y3ea4W43yGOU=
88,-126,R/CloMz5VTINw/2BtKdXGWPN3AQ=,Y57nm099KUZdLU1y3ea4W43yGOU=
87,-127,R/CloMz5VTINw/2BtKdXGWPN3AQ=,Y57nm099KUZdLU1y3ea4W43yGOU=
95,-124,R/CloMz5VTINw/2BtKdXGWPN3AQ=,Y57nm099KUZdLU1y3ea4W43yGOU=
93,-124,R/CloMz5VTINw/2BtKdXGWPN3AQ=,Y57nm099KUZdLU1y3ea4W43yGOU=
94,-124,R/CloMz5VTINw/2BtKdXGWPN3AQ=,Y57nm099KUZdLU1y3ea4W43yGOU=
92,-124,R/CloMz5VTINw/2BtKdXGWPN3AQ=,Y57nm099KUZdLU1y3ea4W43yGOU=
91,-124,R/CloMz5VTINw/2BtKdXGWPN3AQ=,Y57nm099KUZdLU1y3ea4W43yGOU=
90,-124,R/CloMz5VTINw/2BtKdXGWPN3AQ=,Y57nm099KUZdLU1y3ea4W43yGOU=
89,-124,R/CloMz5VTINw/2BtKdXGWPN3AQ=,Y57nm099KUZdLU1y3ea4W43yGOU=
88,-124,R/CloMz5VTINw/2BtKdXGWPN3AQ=,Y57nm099KUZdLU1y3ea4W43yGOU=
87,-124,R/CloMz5VTINw/2BtKdXGWPN3AQ=,Y57nm099KUZdLU1y3ea4W43yGOU=
86,-124,R/CloMz5VTINw/2BtKdXGWPN3AQ=,Y57nm099KUZdLU1y3ea4W43yGOU=
85,-124,R/CloMz5VTINw/2BtKdXGWPN3AQ=,Y57nm099KUZdLU1y3ea4W43yGOU=
84,-124,R/CloMz5VTINw/2BtKdXGWPN3AQ=,Y57nm099KUZdLU1y3ea4W43yGOU=
83,-124,R/CloMz5VTINw/2BtKdXGWPN3AQ=,Y57nm099KUZdLU1y3ea4W43yGOU=
82,-124,R/CloMz5VTINw/2BtKdXGWPN3AQ=,Y57nm099KUZdLU1y3ea4W43yGOU=
81,-124,R/CloMz5VTINw/2BtKdXGWPN3AQ=,Y57nm099KUZdLU1y3ea4W43yGOU=
86,-128,R/CloMz5VTINw/2BtKdXGWPN3AQ=,Y57nm099KUZdLU1y3ea4W43yGOU=
80,-124,R/CloMz5VTINw/2BtKdXGWPN3AQ=,Y57nm099KUZdLU1y3ea4W43yGOU=
87,-126,R/CloMz5VTINw/2BtKdXGWPN3AQ=,Y57nm099KUZdLU1y3ea4W43yGOU=
95,-125,R/CloMz5VTINw/2BtKdXGWPN3AQ=,Y57nm099KUZdLU1y3ea4W43yGOU=
86,-127,R/CloMz5VTINw/2BtKdXGWPN3AQ=,Y57nm099KUZdLU1y3ea4W43yGOU=
94,-125,R/CloMz5VTINw/2BtKdXGWPN3AQ=,Y57nm099KUZdLU1y3ea4W43yGOU=
92,-125,R/CloMz5VTINw/2BtKdXGWPN3AQ=,Y57nm099KUZdLU1y3ea4W43yGOU=
93,-125,R/CloMz5VTINw/2BtKdXGWPN3AQ=,Y57nm099KUZdLU1y3ea4W43yGOU=
91,-125,R/CloMz5VTINw/2BtKdXGWPN3AQ=,Y57nm099KUZdLU1y3ea4W43yGOU=
90,-125,R/CloMz5VTINw/2BtKdXGWPN3AQ=,Y57nm099KUZdLU1y3ea4W43yGOU=
80,-113,R/CloMz5VTINw/2BtKdXGWPN3AQ=,Y57nm099KUZdLU1y3ea4W43yGOU=
81,-113,R/CloMz5VTINw/2BtKdXGWPN3AQ=,Y57nm099KUZdLU1y3ea4W43yGOU=
92,-113,R/CloMz5VTINw/2BtKdXGWPN3AQ=,Y57nm099KUZdLU1y3ea4W43yGOU=
93,-113,R/CloMz5VTINw/2BtKdXGWPN3AQ=,Y57nm099KUZdLU1y3ea4W43yGOU=
94,-113,R/CloMz5VTINw/2BtKdXGWPN3AQ=,Y57nm099KUZdLU1y3ea4W43yGOU=
95,-113,R/CloMz5VTINw/2BtKdXGWPN3AQ=,Y57nm099KUZdLU1y3ea4W43yGOU=
83,-114,R/CloMz5VTINw/2BtKdXGWPN3AQ=,Y57nm099KUZdLU1y3ea4W43yGOU=
91,-114,R/CloMz5VTINw/2BtKdXGWPN3AQ=,Y57nm099KUZdLU1y3ea4W43yGOU=
91,-115,R/CloMz5VTINw/2BtKdXGWPN3AQ=,Y57nm099KUZdLU1y3ea4W43yGOU=
90,-114,R/CloMz5VTINw/2BtKdXGWPN3AQ=,Y57nm099KUZdLU1y3ea4W43yGOU=
84,-114,R/CloMz5VTINw/2BtKdXGWPN3AQ=,Y57nm099KUZdLU1y3ea4W43yGOU=
90,-115,R/CloMz5VTINw/2BtKdXGWPN3AQ=,Y57nm099KUZdLU1y3ea4W43yGOU=
88,-114,R/CloMz5VTINw/2BtKdXGWPN3AQ=,Y57nm099KUZdLU1y3ea4W43yGOU=
86,-114,R/CloMz5VTINw/2BtKdXGWPN3AQ=,Y57nm099KUZdLU1y3ea4W43yGOU=
85,-114,R/CloMz5VTINw/2BtKdXGWPN3AQ=,Y57nm099KUZdLU1y3ea4W43yGOU=
89,-115,R/CloMz5VTINw/2BtKdXGWPN3AQ=,Y57nm099KUZdLU1y3ea4W43yGOU=
87,-114,R/CloMz5VTINw/2BtKdXGWPN3AQ=,Y57nm099KUZdLU1y3ea4W43yGOU=
89,-114,R/CloMz5VTINw/2BtKdXGWPN3AQ=,Y57nm099KUZdLU1y3ea4W43yGOU=
91,-113,R/CloMz5VTINw/2BtKdXGWPN3AQ=,Y57nm099KUZdLU1y3ea4W43yGOU=
90,-116,R/CloMz5VTINw/2BtKdXGWPN3AQ=,Y57nm099KUZdLU1y3ea4W43yGOU=
89,-116,R/CloMz5VTINw/2BtKdXGWPN3AQ=,Y57nm099KUZdLU1y3ea4W43yGOU=
82,-113,R/CloMz5VTINw/2BtKdXGWPN3AQ=,Y57nm099KUZdLU1y3ea4W43yGOU=
85,-115,R/CloMz5VTINw/2BtKdXGWPN3AQ=,Y57nm099KUZdLU1y3ea4W43yGOU=
87,-116,R/CloMz5VTINw/2BtKdXGWPN3AQ=,Y57nm099KUZdLU1y3ea4W43yGOU=
86,-115,R/CloMz5VTINw/2BtKdXGWPN3AQ=,Y57nm099KUZdLU1y3ea4W43yGOU=
88,-115,R/CloMz5VTINw/2BtKdXGWPN3AQ=,Y57nm099KUZdLU1y3ea4W43yGOU=
87,-115,R/CloMz5VTINw/2BtKdXGWPN3AQ=,Y57nm099KUZdLU1y3ea4W43yGOU=
86,-113,R/CloMz5VTINw/2BtKdXGWPN3AQ=,Y57nm099KUZdLU1y3ea4W43yGOU=
83,-113,R/CloMz5VTINw/2BtKdXGWPN3AQ=,Y57nm099KUZdLU1y3ea4W43yGOU=
90,-113,R/CloMz5VTINw/2BtKdXGWPN3AQ=,Y57nm099KUZdLU1y3ea4W43yGOU=
85,-113,R/CloMz5VTINw/2BtKdXGWPN3AQ=,Y57nm099KUZdLU1y3ea4W43yGOU=
84,-113,R/CloMz5VTINw/2BtKdXGWPN3AQ=,Y57nm099KUZdLU1y3ea4W43yGOU=
88,-113,R/CloMz5VTINw/2BtKdXGWPN3AQ=,Y57nm099KUZdLU1y3ea4W43yGOU=
87,-113,R/CloMz5VTINw/2BtKdXGWPN3AQ=,Y57nm099KUZdLU1y3ea4W43yGOU=
89,-113,R/CloMz5VTINw/2BtKdXGWPN3AQ=,Y57nm099KUZdLU1y3ea4W43yGOU=
