76,67,K7W1KR3l5VLQbYxTzjb2bo5gT/U=,Y57nm099KUZdLU1y3ea4W43yGOU=
65,64,K7W1KR3l5VLQbYxTzjb2bo5gT/U=,Y57nm099KUZdLU1y3ea4W43yGOU=
78,79,K7W1KR3l5VLQbYxTzjb2bo5gT/U=,Y57nm099KUZdLU1y3ea4W43yGOU=
79,79,K7W1KR3l5VLQbYxTzjb2bo5gT/U=,Y57nm099KUZdLU1y3ea4W43yGOU=
77,79,K7W1KR3l5VLQbYxTzjb2bo5gT/U=,Y57nm099KUZdLU1y3ea4W43yGOU=
77,67,K7W1KR3l5VLQbYxTzjb2bo5gT/U=,Y57nm099KUZdLU1y3ea4W43yGOU=
68,65,K7W1KR3l5VLQbYxTzjb2bo5gT/U=,Y57nm099KUZdLU1y3ea4W43yGOU=
71,67,K7W1KR3l5VLQbYxTzjb2bo5gT/U=,Y57nm099KUZdLU1y3ea4W43yGOU=
67,79,K7W1KR3l5VLQbYxTzjb2bo5gT/U=,Y57nm099KUZdLU1y3ea4W43yGOU=
79,78,K7W1KR3l5VLQbYxTzjb2bo5gT/U=,Y57nm099KUZdLU1y3ea4W43yGOU=
78,78,K7W1KR3l5VLQbYxTzjb2bo5gT/U=,Y57nm099KUZdLU1y3ea4W43yGOU=
77,78,K7W1KR3l5VLQbYxTzjb2bo5gT/U=,Y57nm099KUZdLU1y3ea4W43yGOU=
66,67,K7W1KR3l5VLQbYxTzjb2bo5gT/U=,Y57nm099KUZdLU1y3ea4W43yGOU=
68,67,K7W1KR3l5VLQbYxTzjb2bo5gT/U=,Y57nm099KUZdLU1y3ea4W43yGOU=
76,78,K7W1KR3l5VLQbYxTzjb2bo5gT/U=,Y57nm099KUZdLU1y3ea4W43yGOU=
67,64,K7W1KR3l5VLQbYxTzjb2bo5gT/U=,Y57nm099KUZdLU1y3ea4W43yGOU=
65,67,K7W1KR3l5VLQbYxTzjb2bo5gT/U=,Y57nm099KUZdLU1y3ea4W43yGOU=
75,78,PTe+Q7Qk41LhNTTtd1Q6FthuyZM=,Y57nm099KUZdLU1y3ea4W43yGOU=
69,65,PTe+Q7Qk41LhNTTtd1Q6FthuyZM=,Y57nm099KUZdLU1y3ea4W43yGOU=
68,64,PTe+Q7Qk41LhNTTtd1Q6FthuyZM=,Y57nm099KUZdLU1y3ea4W43yGOU=
68,79,PTe+Q7Qk41LhNTTtd1Q6FthuyZM=,Y57nm099KUZdLU1y3ea4W43yGOU=
70,66,PTe+Q7Qk41LhNTTtd1Q6FthuyZM=,Y57nm099KUZdLU1y3ea4W43yGOU=
74,78,PTe+Q7Qk41LhNTTtd1Q6FthuyZM=,Y57nm099KUZdLU1y3ea4W43yGOU=
75,79,PTe+Q7Qk41LhNTTtd1Q6FthuyZM=,Y57nm099KUZdLU1y3ea4W43yGOU=
67,66,PTe+Q7Qk41LhNTTtd1Q6FthuyZM=,Y57nm099KUZdLU1y3ea4W43yGOU=
69,66,PTe+Q7Qk41LhNTTtd1Q6FthuyZM=,Y57nm099KUZdLU1y3ea4W43yGOU=
67,78,PTe+Q7Qk41LhNTTtd1Q6FthuyZM=,Y57nm099KUZdLU1y3ea4W43yGOU=
79,77,PTe+Q7Qk41LhNTTtd1Q6FthuyZM=,Y57nm099KUZdLU1y3ea4W43yGOU=
69,64,PTe+Q7Qk41LhNTTtd1Q6FthuyZM=,Y57nm099KUZdLU1y3ea4W43yGOU=
68,78,PTe+Q7Qk41LhNTTtd1Q6FthuyZM=,Y57nm099KUZdLU1y3ea4W43yGOU=
78,77,PTe+Q7Qk41LhNTTtd1Q6FthuyZM=,Y57nm099KUZdLU1y3ea4W43yGOU=
77,77,PTe+Q7Qk41LhNTTtd1Q6FthuyZM=,Y57nm099KUZdLU1y3ea4W43yGOU=
67,65,PTe+Q7Qk41LhNTTtd1Q6FthuyZM=,Y57nm099KUZdLU1y3ea4W43yGOU=
76,77,PTe+Q7Qk41LhNTTtd1Q6FthuyZM=,Y57nm099KUZdLU1y3ea4W43yGOU=
65,79,PTe+Q7Qk41LhNTTtd1Q6FthuyZM=,Y57nm099KUZdLU1y3ea4W43yGOU=
72,78,PTe+Q7Qk41LhNTTtd1Q6FthuyZM=,Y57nm099KUZdLU1y3ea4W43yGOU=
73,78,PTe+Q7Qk41LhNTTtd1Q6FthuyZM=,Y57nm099KUZdLU1y3ea4W43yGOU=
75,77,PTe+Q7Qk41LhNTTtd1Q6FthuyZM=,Y57nm099KUZdLU1y3ea4W43yGOU=
70,78,PTe+Q7Qk41LhNTTtd1Q6FthuyZM=,Y57nm099KUZdLU1y3ea4W43yGOU=
73,67,ApC/+1+clc8GbndnxEKlCm+yAqY=,Y57nm099KUZdLU1y3ea4W43yGOU=
72,67,ApC/+1+clc8GbndnxEKlCm+yAqY=,Y57nm099KUZdLU1y3ea4W43yGOU=
69,67,ApC/+1+clc8GbndnxEKlCm+yAqY=,Y57nm099KUZdLU1y3ea4W43yGOU=
68,66,ApC/+1+clc8GbndnxEKlCm+yAqY=,Y57nm099KUZdLU1y3ea4W43yGOU=
66,79,ApC/+1+clc8GbndnxEKlCm+yAqY=,Y57nm099KUZdLU1y3ea4W43yGOU=
65,78,ApC/+1+clc8GbndnxEKlCm+yAqY=,Y57nm099KUZdLU1y3ea4W43yGOU=
79,76,ApC/+1+clc8GbndnxEKlCm+yAqY=,Y57nm099KUZdLU1y3ea4W43yGOU=
74,77,ApC/+1+clc8GbndnxEKlCm+yAqY=,Y57nm099KUZdLU1y3ea4W43yGOU=
65,66,ApC/+1+clc8GbndnxEKlCm+yAqY=,Y57nm099KUZdLU1y3ea4W43yGOU=
78,76,ApC/+1+clc8GbndnxEKlCm+yAqY=,Y57nm099KUZdLU1y3ea4W43yGOU=
64,79,ApC/+1+clc8GbndnxEKlCm+yAqY=,Y57nm099KUZdLU1y3ea4W43yGOU=
77,76,ApC/+1+clc8GbndnxEKlCm+yAqY=,Y57nm099KUZdLU1y3ea4W43yGOU=
76,76,ApC/+1+clc8GbndnxEKlCm+yAqY=,Y57nm099KUZdLU1y3ea4W43yGOU=
71,77,ApC/+1+clc8GbndnxEKlCm+yAqY=,Y57nm099KUZdLU1y3ea4W43yGOU=
75,76,ApC/+1+clc8GbndnxEKlCm+yAqY=,Y57nm099KUZdLU1y3ea4W43yGOU=
72,76,ApC/+1+clc8GbndnxEKlCm+yAqY=,Y57nm099KUZdLU1y3ea4W43yGOU=
72,77,ApC/+1+clc8GbndnxEKlCm+yAqY=,Y57nm099KUZdLU1y3ea4W43yGOU=
70,67,ApC/+1+clc8GbndnxEKlCm+yAqY=,Y57nm099KUZdLU1y3ea4W43yGOU=
71,76,ApC/+1+clc8GbndnxEKlCm+yAqY=,Y57nm099KUZdLU1y3ea4W43yGOU=
74,76,ApC/+1+clc8GbndnxEKlCm+yAqY=,Y57nm099KUZdLU1y3ea4W43yGOU=
73,76,ApC/+1+clc8GbndnxEKlCm+yAqY=,Y57nm099KUZdLU1y3ea4W43yGOU=
69,79,ApC/+1+clc8GbndnxEKlCm+yAqY=,Y57nm099KUZdLU1y3ea4W43yGOU=
67,67,ApC/+1+clc8GbndnxEKlCm+yAqY=,Y57nm099KUZdLU1y3ea4W43yGOU=
76,79,ApC/+1+clc8GbndnxEKlCm+yAqY=,Y57nm099KUZdLU1y3ea4W43yGOU=
65,65,ApC/+1+clc8GbndnxEKlCm+yAqY=,Y57nm099KUZdLU1y3ea4W43yGOU=
64,65,ApC/+1+clc8GbndnxEKlCm+yAqY=,Y57nm099KUZdLU1y3ea4W43yGOU=
79,64,ApC/+1+clc8GbndnxEKlCm+yAqY=,Y57nm099KUZdLU1y3ea4W43yGOU=
66,64,ApC/+1+clc8GbndnxEKlCm+yAqY=,Y57nm099KUZdLU1y3ea4W43yGOU=
64,66,ApC/+1+clc8GbndnxEKlCm+yAqY=,Y57nm099KUZdLU1y3ea4W43yGOU=
78,64,ApC/+1+clc8GbndnxEKlCm+yAqY=,Y57nm099KUZdLU1y3ea4W43yGOU=
64,67,ApC/+1+clc8GbndnxEKlCm+yAqY=,Y57nm099KUZdLU1y3ea4W43yGOU=
79,66,ApC/+1+clc8GbndnxEKlCm+yAqY=,Y57nm099KUZdLU1y3ea4W43yGOU=
79,65,ApC/+1+clc8GbndnxEKlCm+yAqY=,Y57nm099KUZdLU1y3ea4W43yGOU=
78,65,ApC/+1+clc8GbndnxEKlCm+yAqY=,Y57nm099KUZdLU1y3ea4W43yGOU=
79,75,ApC/+1+clc8GbndnxEKlCm+yAqY=,Y57nm099KUZdLU1y3ea4W43yGOU=
78,75,ApC/+1+clc8GbndnxEKlCm+yAqY=,Y57nm099KUZdLU1y3ea4W43yGOU=
77,75,ApC/+1+clc8GbndnxEKlCm+yAqY=,Y57nm099KUZdLU1y3ea4W43yGOU=
76,75,ApC/+1+clc8GbndnxEKlCm+yAqY=,Y57nm099KUZdLU1y3ea4W43yGOU=
69,76,ApC/+1+clc8GbndnxEKlCm+yAqY=,Y57nm099KUZdLU1y3ea4W43yGOU=
70,77,ApC/+1+clc8GbndnxEKlCm+yAqY=,Y57nm099KUZdLU1y3ea4W43yGOU=
74,79,ApC/+1+clc8GbndnxEKlCm+yAqY=,Y57nm099KUZdLU1y3ea4W43yGOU=
69,77,ApC/+1+clc8GbndnxEKlCm+yAqY=,Y57nm099KUZdLU1y3ea4W43yGOU=
68,77,ApC/+1+clc8GbndnxEKlCm+yAqY=,Y57nm099KUZdLU1y3ea4W43yGOU=
64,78,ApC/+1+clc8GbndnxEKlCm+yAqY=,Y57nm099KUZdLU1y3ea4W43yGOU=
75,75,ApC/+1+clc8GbndnxEKlCm+yAqY=,Y57nm099KUZdLU1y3ea4W43yGOU=
66,78,ApC/+1+clc8GbndnxEKlCm+yAqY=,Y57nm099KUZdLU1y3ea4W43yGOU=
69,78,ApC/+1+clc8GbndnxEKlCm+yAqY=,Y57nm099KUZdLU1y3ea4W43yGOU=
64,77,ApC/+1+clc8GbndnxEKlCm+yAqY=,Y57nm099KUZdLU1y3ea4W43yGOU=
65,76,ApC/+1+clc8GbndnxEKlCm+yAqY=,Y57nm099KUZdLU1y3ea4W43yGOU=
70,76,ApC/+1+clc8GbndnxEKlCm+yAqY=,Y57nm099KUZdLU1y3ea4W43yGOU=
71,78,ApC/+1+clc8GbndnxEKlCm+yAqY=,Y57nm099KUZdLU1y3ea4W43yGOU=
66,77,ApC/+1+clc8GbndnxEKlCm+yAqY=,Y57nm099KUZdLU1y3ea4W43yGOU=
66,76,ApC/+1+clc8GbndnxEKlCm+yAqY=,Y57nm099KUZdLU1y3ea4W43yGOU=
70,79,ApC/+1+clc8GbndnxEKlCm+yAqY=,Y57nm099KUZdLU1y3ea4W43yGOU=
72,79,ApC/+1+clc8GbndnxEKlCm+yAqY=,Y57nm099KUZdLU1y3ea4W43yGOU=
71,79,ApC/+1+clc8GbndnxEKlCm+yAqY=,Y57nm099KUZdLU1y3ea4W43yGOU=
66,66,ApC/+1+clc8GbndnxEKlCm+yAqY=,Y57nm099KUZdLU1y3ea4W43yGOU=
78,67,ApC/+1+clc8GbndnxEKlCm+yAqY=,Y57nm099KUZdLU1y3ea4W43yGOU=
79,67,ApC/+1+clc8GbndnxEKlCm+yAqY=,Y57nm099KUZdLU1y3ea4W43yGOU=
73,79,ApC/+1+clc8GbndnxEKlCm+yAqY=,Y57nm099KUZdLU1y3ea4W43yGOU=
66,65,ApC/+1+clc8GbndnxEKlCm+yAqY=,Y57nm099KUZdLU1y3ea4W43yGOU=
64,68,ApC/+1+clc8GbndnxEKlCm+yAqY=,Y57nm099KUZdLU1y3ea4W43yGOU=
64,76,ApC/+1+clc8GbndnxEKlCm+yAqY=,Y57nm099KUZdLU1y3ea4W43yGOU=
67,77,ApC/+1+clc8GbndnxEKlCm+yAqY=,Y57nm099KUZdLU1y3ea4W43yGOU=
65,68,ApC/+1+clc8GbndnxEKlCm+yAqY=,Y57nm099KUZdLU1y3ea4W43yGOU=
70,65,ApC/+1+clc8GbndnxEKlCm+yAqY=,Y57nm099KUZdLU1y3ea4W43yGOU=
67,76,ApC/+1+clc8GbndnxEKlCm+yAqY=,Y57nm099KUZdLU1y3ea4W43yGOU=
70,64,ApC/+1+clc8GbndnxEKlCm+yAqY=,Y57nm099KUZdLU1y3ea4W43yGOU=
71,66,ApC/+1+clc8GbndnxEKlCm+yAqY=,Y57nm099KUZdLU1y3ea4W43yGOU=
68,76,ApC/+1+clc8GbndnxEKlCm+yAqY=,Y57nm099KUZdLU1y3ea4W43yGOU=
74,67,ApC/+1+clc8GbndnxEKlCm+yAqY=,Y57nm099KUZdLU1y3ea4W43yGOU=
65,77,ApC/+1+clc8GbndnxEKlCm+yAqY=,Y57nm099KUZdLU1y3ea4W43yGOU=
70,68,ApC/+1+clc8GbndnxEKlCm+yAqY=,Y57nm099KUZdLU1y3ea4W43yGOU=
66,68,ApC/+1+clc8GbndnxEKlCm+yAqY=,Y57nm099KUZdLU1y3ea4W43yGOU=
76,68,ApC/+1+clc8GbndnxEKlCm+yAqY=,Y57nm099KUZdLU1y3ea4W43yGOU=
78,68,ApC/+1+clc8GbndnxEKlCm+yAqY=,Y57nm099KUZdLU1y3ea4W43yGOU=
79,68,ApC/+1+clc8GbndnxEKlCm+yAqY=,Y57nm099KUZdLU1y3ea4W43yGOU=
67,68,ApC/+1+clc8GbndnxEKlCm+yAqY=,Y57nm099KUZdLU1y3ea4W43yGOU=
77,68,ApC/+1+clc8GbndnxEKlCm+yAqY=,Y57nm099KUZdLU1y3ea4W43yGOU=
75,67,ApC/+1+clc8GbndnxEKlCm+yAqY=,Y57nm099KUZdLU1y3ea4W43yGOU=
64,69,ApC/+1+clc8GbndnxEKlCm+yAqY=,Y57nm099KUZdLU1y3ea4W43yGOU=
71,68,ApC/+1+clc8GbndnxEKlCm+yAqY=,Y57nm099KUZdLU1y3ea4W43yGOU=
71,65,ApC/+1+clc8GbndnxEKlCm+yAqY=,Y57nm099KUZdLU1y3ea4W43yGOU=
73,77,ApC/+1+clc8GbndnxEKlCm+yAqY=,Y57nm099KUZdLU1y3ea4W43yGOU=
68,68,ApC/+1+clc8GbndnxEKlCm+yAqY=,Y57nm099KUZdLU1y3ea4W43yGOU=
73,68,ApC/+1+clc8GbndnxEKlCm+yAqY=,Y57nm099KUZdLU1y3ea4W43yGOU=
71,64,ApC/+1+clc8GbndnxEKlCm+yAqY=,Y57nm099KUZdLU1y3ea4W43yGOU=
72,66,ApC/+1+clc8GbndnxEKlCm+yAqY=,Y57nm099KUZdLU1y3ea4W43yGOU=
65,69,ApC/+1+clc8GbndnxEKlCm+yAqY=,Y57nm099KUZdLU1y3ea4W43yGOU=
74,68,ApC/+1+clc8GbndnxEKlCm+yAqY=,Y57nm099KUZdLU1y3ea4W43yGOU=
66,69,ApC/+1+clc8GbndnxEKlCm+yAqY=,Y57nm099KUZdLU1y3ea4W43yGOU=
72,68,ApC/+1+clc8GbndnxEKlCm+yAqY=,Y57nm099KUZdLU1y3ea4W43yGOU=
68,69,ApC/+1+clc8GbndnxEKlCm+yAqY=,Y57nm099KUZdLU1y3ea4W43yGOU=
76,69,ApC/+1+clc8GbndnxEKlCm+yAqY=,Y57nm099KUZdLU1y3ea4W43yGOU=
78,69,ApC/+1+clc8GbndnxEKlCm+yAqY=,Y57nm099KUZdLU1y3ea4W43yGOU=
77,69,ApC/+1+clc8GbndnxEKlCm+yAqY=,Y57nm099KUZdLU1y3ea4W43yGOU=
79,69,ApC/+1+clc8GbndnxEKlCm+yAqY=,Y57nm099KUZdLU1y3ea4W43yGOU=
70,69,ApC/+1+clc8GbndnxEKlCm+yAqY=,Y57nm099KUZdLU1y3ea4W43yGOU=
71,69,ApC/+1+clc8GbndnxEKlCm+yAqY=,Y57nm099KUZdLU1y3ea4W43yGOU=
69,68,ApC/+1+clc8GbndnxEKlCm+yAqY=,Y57nm099KUZdLU1y3ea4W43yGOU=
64,70,ApC/+1+clc8GbndnxEKlCm+yAqY=,Y57nm099KUZdLU1y3ea4W43yGOU=
72,65,ApC/+1+clc8GbndnxEKlCm+yAqY=,Y57nm099KUZdLU1y3ea4W43yGOU=
67,69,ApC/+1+clc8GbndnxEKlCm+yAqY=,Y57nm099KUZdLU1y3ea4W43yGOU=
69,69,ApC/+1+clc8GbndnxEKlCm+yAqY=,Y57nm099KUZdLU1y3ea4W43yGOU=
72,69,ApC/+1+clc8GbndnxEKlCm+yAqY=,Y57nm099KUZdLU1y3ea4W43yGOU=
73,66,ApC/+1+clc8GbndnxEKlCm+yAqY=,Y57nm099KUZdLU1y3ea4W43yGOU=
72,64,ApC/+1+clc8GbndnxEKlCm+yAqY=,Y57nm099KUZdLU1y3ea4W43yGOU=
74,69,ApC/+1+clc8GbndnxEKlCm+yAqY=,Y57nm099KUZdLU1y3ea4W43yGOU=
67,70,ApC/+1+clc8GbndnxEKlCm+yAqY=,Y57nm099KUZdLU1y3ea4W43yGOU=
75,68,ApC/+1+clc8GbndnxEKlCm+yAqY=,Y57nm099KUZdLU1y3ea4W43yGOU=
68,70,ApC/+1+clc8GbndnxEKlCm+yAqY=,Y57nm099KUZdLU1y3ea4W43yGOU=
66,70,ApC/+1+clc8GbndnxEKlCm+yAqY=,Y57nm099KUZdLU1y3ea4W43yGOU=
76,70,ApC/+1+clc8GbndnxEKlCm+yAqY=,Y57nm099KUZdLU1y3ea4W43yGOU=
77,70,ApC/+1+clc8GbndnxEKlCm+yAqY=,Y57nm099KUZdLU1y3ea4W43yGOU=
73,69,ApC/+1+clc8GbndnxEKlCm+yAqY=,Y57nm099KUZdLU1y3ea4W43yGOU=
64,64,ApC/+1+clc8GbndnxEKlCm+yAqY=,Y57nm099KUZdLU1y3ea4W43yGOU=
79,70,ApC/+1+clc8GbndnxEKlCm+yAqY=,Y57nm099KUZdLU1y3ea4W43yGOU=
78,70,ApC/+1+clc8GbndnxEKlCm+yAqY=,Y57nm099KUZdLU1y3ea4W43yGOU=
65,70,ApC/+1+clc8GbndnxEKlCm+yAqY=,Y57nm099KUZdLU1y3ea4W43yGOU=
64,71,ApC/+1+clc8GbndnxEKlCm+yAqY=,Y57nm099KUZdLU1y3ea4W43yGOU=
75,70,ApC/+1+clc8GbndnxEKlCm+yAqY=,Y57nm099KUZdLU1y3ea4W43yGOU=
71,70,ApC/+1+clc8GbndnxEKlCm+yAqY=,Y57nm099KUZdLU1y3ea4W43yGOU=
73,65,ApC/+1+clc8GbndnxEKlCm+yAqY=,Y57nm099KUZdLU1y3ea4W43yGOU=
69,70,ApC/+1+clc8GbndnxEKlCm+yAqY=,Y57nm099KUZdLU1y3ea4W43yGOU=
65,71,ApC/+1+clc8GbndnxEKlCm+yAqY=,Y57nm099KUZdLU1y3ea4W43yGOU=
72,70,ApC/+1+clc8GbndnxEKlCm+yAqY=,Y57nm099KUZdLU1y3ea4W43yGOU=
67,71,ApC/+1+clc8GbndnxEKlCm+yAqY=,Y57nm099KUZdLU1y3ea4W43yGOU=
70,70,ApC/+1+clc8GbndnxEKlCm+yAqY=,Y57nm099KUZdLU1y3ea4W43yGOU=
75,69,ApC/+1+clc8GbndnxEKlCm+yAqY=,Y57nm099KUZdLU1y3ea4W43yGOU=
73,64,ApC/+1+clc8GbndnxEKlCm+yAqY=,Y57nm099KUZdLU1y3ea4W43yGOU=
73,70,ApC/+1+clc8GbndnxEKlCm+yAqY=,Y57nm099KUZdLU1y3ea4W43yGOU=
66,71,ApC/+1+clc8GbndnxEKlCm+yAqY=,Y57nm099KUZdLU1y3ea4W43yGOU=
77,71,ApC/+1+clc8GbndnxEKlCm+yAqY=,Y57nm099KUZdLU1y3ea4W43yGOU=
76,71,ApC/+1+clc8GbndnxEKlCm+yAqY=,Y57nm099KUZdLU1y3ea4W43yGOU=
78,71,ApC/+1+clc8GbndnxEKlCm+yAqY=,Y57nm099KUZdLU1y3ea4W43yGOU=
68,71,ApC/+1+clc8GbndnxEKlCm+yAqY=,Y57nm099KUZdLU1y3ea4W43yGOU=
79,71,ApC/+1+clc8GbndnxEKlCm+yAqY=,Y57nm099KUZdLU1y3ea4W43yGOU=
64,72,ApC/+1+clc8GbndnxEKlCm+yAqY=,Y57nm099KUZdLU1y3ea4W43yGOU=
69,71,ApC/+1+clc8GbndnxEKlCm+yAqY=,Y57nm099KUZdLU1y3ea4W43yGOU=
75,71,ApC/+1+clc8GbndnxEKlCm+yAqY=,Y57nm099KUZdLU1y3ea4W43yGOU=
71,71,ApC/+1+clc8GbndnxEKlCm+yAqY=,Y57nm099KUZdLU1y3ea4W43yGOU=
70,71,ApC/+1+clc8GbndnxEKlCm+yAqY=,Y57nm099KUZdLU1y3ea4W43yGOU=
72,71,ApC/+1+clc8GbndnxEKlCm+yAqY=,Y57nm099KUZdLU1y3ea4W43yGOU=
66,72,ApC/+1+clc8GbndnxEKlCm+yAqY=,Y57nm099KUZdLU1y3ea4W43yGOU=
67,72,ApC/+1+clc8GbndnxEKlCm+yAqY=,Y57nm099KUZdLU1y3ea4W43yGOU=
65,72,ApC/+1+clc8GbndnxEKlCm+yAqY=,Y57nm099KUZdLU1y3ea4W43yGOU=
74,66,ApC/+1+clc8GbndnxEKlCm+yAqY=,Y57nm099KUZdLU1y3ea4W43yGOU=
74,70,ApC/+1+clc8GbndnxEKlCm+yAqY=,Y57nm099KUZdLU1y3ea4W43yGOU=
68,72,ApC/+1+clc8GbndnxEKlCm+yAqY=,Y57nm099KUZdLU1y3ea4W43yGOU=
74,64,ApC/+1+clc8GbndnxEKlCm+yAqY=,Y57nm099KUZdLU1y3ea4W43yGOU=
75,72,ApC/+1+clc8GbndnxEKlCm+yAqY=,Y57nm099KUZdLU1y3ea4W43yGOU=
76,72,ApC/+1+clc8GbndnxEKlCm+yAqY=,Y57nm099KUZdLU1y3ea4W43yGOU=
77,72,ApC/+1+clc8GbndnxEKlCm+yAqY=,Y57nm099KUZdLU1y3ea4W43yGOU=
78,72,ApC/+1+clc8GbndnxEKlCm+yAqY=,Y57nm099KUZdLU1y3ea4W43yGOU=
74,71,ApC/+1+clc8GbndnxEKlCm+yAqY=,Y57nm099KUZdLU1y3ea4W43yGOU=
79,72,ApC/+1+clc8GbndnxEKlCm+yAqY=,Y57nm099KUZdLU1y3ea4W43yGOU=
72,72,ApC/+1+clc8GbndnxEKlCm+yAqY=,Y57nm099KUZdLU1y3ea4W43yGOU=
74,65,ApC/+1+clc8GbndnxEKlCm+yAqY=,Y57nm099KUZdLU1y3ea4W43yGOU=
76,66,ApC/+1+clc8GbndnxEKlCm+yAqY=,Y57nm099KUZdLU1y3ea4W43yGOU=
69,72,ApC/+1+clc8GbndnxEKlCm+yAqY=,Y57nm099KUZdLU1y3ea4W43yGOU=
70,72,ApC/+1+clc8GbndnxEKlCm+yAqY=,Y57nm099KUZdLU1y3ea4W43yGOU=
75,66,ApC/+1+clc8GbndnxEKlCm+yAqY=,Y57nm099KUZdLU1y3ea4W43yGOU=
73,71,ApC/+1+clc8GbndnxEKlCm+yAqY=,Y57nm099KUZdLU1y3ea4W43yGOU=
64,73,ApC/+1+clc8GbndnxEKlCm+yAqY=,Y57nm099KUZdLU1y3ea4W43yGOU=
65,73,ApC/+1+clc8GbndnxEKlCm+yAqY=,Y57nm099KUZdLU1y3ea4W43yGOU=
67,73,ApC/+1+clc8GbndnxEKlCm+yAqY=,Y57nm099KUZdLU1y3ea4W43yGOU=
75,64,ApC/+1+clc8GbndnxEKlCm+yAqY=,Y57nm099KUZdLU1y3ea4W43yGOU=
75,65,ApC/+1+clc8GbndnxEKlCm+yAqY=,Y57nm099KUZdLU1y3ea4W43yGOU=
66,73,ApC/+1+clc8GbndnxEKlCm+yAqY=,Y57nm099KUZdLU1y3ea4W43yGOU=
75,73,ApC/+1+clc8GbndnxEKlCm+yAqY=,Y57nm099KUZdLU1y3ea4W43yGOU=
76,73,ApC/+1+clc8GbndnxEKlCm+yAqY=,Y57nm099KUZdLU1y3ea4W43yGOU=
77,73,ApC/+1+clc8GbndnxEKlCm+yAqY=,Y57nm099KUZdLU1y3ea4W43yGOU=
78,73,ApC/+1+clc8GbndnxEKlCm+yAqY=,Y57nm099KUZdLU1y3ea4W43yGOU=
76,65,ApC/+1+clc8GbndnxEKlCm+yAqY=,Y57nm099KUZdLU1y3ea4W43yGOU=
79,73,ApC/+1+clc8GbndnxEKlCm+yAqY=,Y57nm099KUZdLU1y3ea4W43yGOU=
76,64,ApC/+1+clc8GbndnxEKlCm+yAqY=,Y57nm099KUZdLU1y3ea4W43yGOU=
74,72,ApC/+1+clc8GbndnxEKlCm+yAqY=,Y57nm099KUZdLU1y3ea4W43yGOU=
77,66,ApC/+1+clc8GbndnxEKlCm+yAqY=,Y57nm099KUZdLU1y3ea4W43yGOU=
71,73,ApC/+1+clc8GbndnxEKlCm+yAqY=,Y57nm099KUZdLU1y3ea4W43yGOU=
73,73,ApC/+1+clc8GbndnxEKlCm+yAqY=,Y57nm099KUZdLU1y3ea4W43yGOU=
69,73,ApC/+1+clc8GbndnxEKlCm+yAqY=,Y57nm099KUZdLU1y3ea4W43yGOU=
68,73,ApC/+1+clc8GbndnxEKlCm+yAqY=,Y57nm099KUZdLU1y3ea4W43yGOU=
72,73,ApC/+1+clc8GbndnxEKlCm+yAqY=,Y57nm099KUZdLU1y3ea4W43yGOU=
70,73,ApC/+1+clc8GbndnxEKlCm+yAqY=,Y57nm099KUZdLU1y3ea4W43yGOU=
73,72,ApC/+1+clc8GbndnxEKlCm+yAqY=,Y57nm099KUZdLU1y3ea4W43yGOU=
65,74,ApC/+1+clc8GbndnxEKlCm+yAqY=,Y57nm099KUZdLU1y3ea4W43yGOU=
74,73,ApC/+1+clc8GbndnxEKlCm+yAqY=,Y57nm099KUZdLU1y3ea4W43yGOU=
75,74,ApC/+1+clc8GbndnxEKlCm+yAqY=,Y57nm099KUZdLU1y3ea4W43yGOU=
76,74,ApC/+1+clc8GbndnxEKlCm+yAqY=,Y57nm099KUZdLU1y3ea4W43yGOU=
64,74,ApC/+1+clc8GbndnxEKlCm+yAqY=,Y57nm099KUZdLU1y3ea4W43yGOU=
77,74,ApC/+1+clc8GbndnxEKlCm+yAqY=,Y57nm099KUZdLU1y3ea4W43yGOU=
78,74,ApC/+1+clc8GbndnxEKlCm+yAqY=,Y57nm099KUZdLU1y3ea4W43yGOU=
79,74,ApC/+1+clc8GbndnxEKlCm+yAqY=,Y57nm099KUZdLU1y3ea4W43yGOU=
77,65,ApC/+1+clc8GbndnxEKlCm+yAqY=,Y57nm099KUZdLU1y3ea4W43yGOU=
78,66,ApC/+1+clc8GbndnxEKlCm+yAqY=,Y57nm099KUZdLU1y3ea4W43yGOU=
77,64,ApC/+1+clc8GbndnxEKlCm+yAqY=,Y57nm099KUZdLU1y3ea4W43yGOU=
73,74,ApC/+1+clc8GbndnxEKlCm+yAqY=,Y57nm099KUZdLU1y3ea4W43yGOU=
69,74,ApC/+1+clc8GbndnxEKlCm+yAqY=,Y57nm099KUZdLU1y3ea4W43yGOU=
74,74,ApC/+1+clc8GbndnxEKlCm+yAqY=,Y57nm099KUZdLU1y3ea4W43yGOU=
70,74,ApC/+1+clc8GbndnxEKlCm+yAqY=,Y57nm099KUZdLU1y3ea4W43yGOU=
67,74,ApC/+1+clc8GbndnxEKlCm+yAqY=,Y57nm099KUZdLU1y3ea4W43yGOU=
71,74,ApC/+1+clc8GbndnxEKlCm+yAqY=,Y57nm099KUZdLU1y3ea4W43yGOU=
71,72,ApC/+1+clc8GbndnxEKlCm+yAqY=,Y57nm099KUZdLU1y3ea4W43yGOU=
66,74,ApC/+1+clc8GbndnxEKlCm+yAqY=,Y57nm099KUZdLU1y3ea4W43yGOU=
70,75,ApC/+1+clc8GbndnxEKlCm+yAqY=,Y57nm099KUZdLU1y3ea4W43yGOU=
68,75,ApC/+1+clc8GbndnxEKlCm+yAqY=,Y57nm099KUZdLU1y3ea4W43yGOU=
67,75,ApC/+1+clc8GbndnxEKlCm+yAqY=,Y57nm099KUZdLU1y3ea4W43yGOU=
69,75,ApC/+1+clc8GbndnxEKlCm+yAqY=,Y57nm099KUZdLU1y3ea4W43yGOU=
64,75,ApC/+1+clc8GbndnxEKlCm+yAqY=,Y57nm099KUZdLU1y3ea4W43yGOU=
72,74,ApC/+1+clc8GbndnxEKlCm+yAqY=,Y57nm099KUZdLU1y3ea4W43yGOU=
66,75,ApC/+1+clc8GbndnxEKlCm+yAqY=,Y57nm099KUZdLU1y3ea4W43yGOU=
65,75,ApC/+1+clc8GbndnxEKlCm+yAqY=,Y57nm099KUZdLU1y3ea4W43yGOU=
72,75,ApC/+1+clc8GbndnxEKlCm+yAqY=,Y57nm099KUZdLU1y3ea4W43yGOU=
71,75,ApC/+1+clc8GbndnxEKlCm+yAqY=,Y57nm099KUZdLU1y3ea4W43yGOU=
74,75,ApC/+1+clc8GbndnxEKlCm+yAqY=,Y57nm099KUZdLU1y3ea4W43yGOU=
68,74,ApC/+1+clc8GbndnxEKlCm+yAqY=,Y57nm099KUZdLU1y3ea4W43yGOU=
73,75,ApC/+1+clc8GbndnxEKlCm+yAqY=,Y57nm099KUZdLU1y3ea4W43yGOU=
71,83,ApC/+1+clc8GbndnxEKlCm+yAqY=,Y57nm099KUZdLU1y3ea4W43yGOU=
70,83,HSvw76lJdUdUA089J6FxZCtD8bY=,Y57nm099KUZdLU1y3ea4W43yGOU=
69,83,HSvw76lJdUdUA089J6FxZCtD8bY=,Y57nm099KUZdLU1y3ea4W43yGOU=
79,95,HSvw76lJdUdUA089J6FxZCtD8bY=,Y57nm099KUZdLU1y3ea4W43yGOU=
78,95,HSvw76lJdUdUA089J6FxZCtD8bY=,Y57nm099KUZdLU1y3ea4W43yGOU=
77,95,HSvw76lJdUdUA089J6FxZCtD8bY=,Y57nm099KUZdLU1y3ea4W43yGOU=
76,95,HSvw76lJdUdUA089J6FxZCtD8bY=,Y57nm099KUZdLU1y3ea4W43yGOU=
75,95,HSvw76lJdUdUA089J6FxZCtD8bY=,Y57nm099KUZdLU1y3ea4W43yGOU=
74,95,HSvw76lJdUdUA089J6FxZCtD8bY=,Y57nm099KUZdLU1y3ea4W43yGOU=
73,95,HSvw76lJdUdUA089J6FxZCtD8bY=,Y57nm099KUZdLU1y3ea4W43yGOU=
72,95,HSvw76lJdUdUA089J6FxZCtD8bY=,Y57nm099KUZdLU1y3ea4W43yGOU=
71,95,HSvw76lJdUdUA089J6FxZCtD8bY=,Y57nm099KUZdLU1y3ea4W43yGOU=
70,95,HSvw76lJdUdUA089J6FxZCtD8bY=,Y57nm099KUZdLU1y3ea4W43yGOU=
69,95,HSvw76lJdUdUA089J6FxZCtD8bY=,Y57nm099KUZdLU1y3ea4W43yGOU=
68,95,HSvw76lJdUdUA089J6FxZCtD8bY=,Y57nm099KUZdLU1y3ea4W43yGOU=
67,95,HSvw76lJdUdUA089J6FxZCtD8bY=,Y57nm099KUZdLU1y3ea4W43yGOU=
65,95,HSvw76lJdUdUA089J6FxZCtD8bY=,Y57nm099KUZdLU1y3ea4W43yGOU=
66,95,HSvw76lJdUdUA089J6FxZCtD8bY=,Y57nm099KUZdLU1y3ea4W43yGOU=
64,95,HSvw76lJdUdUA089J6FxZCtD8bY=,Y57nm099KUZdLU1y3ea4W43yGOU=
79,94,HSvw76lJdUdUA089J6FxZCtD8bY=,Y57nm099KUZdLU1y3ea4W43yGOU=
78,94,HSvw76lJdUdUA089J6FxZCtD8bY=,Y57nm099KUZdLU1y3ea4W43yGOU=
77,94,HSvw76lJdUdUA089J6FxZCtD8bY=,Y57nm099KUZdLU1y3ea4W43yGOU=
76,94,HSvw76lJdUdUA089J6FxZCtD8bY=,Y57nm099KUZdLU1y3ea4W43yGOU=
75,94,HSvw76lJdUdUA089J6FxZCtD8bY=,Y57nm099KUZdLU1y3ea4W43yGOU=
74,94,HSvw76lJdUdUA089J6FxZCtD8bY=,Y57nm099KUZdLU1y3ea4W43yGOU=
73,94,HSvw76lJdUdUA089J6FxZCtD8bY=,Y57nm099KUZdLU1y3ea4W43yGOU=
72,94,HSvw76lJdUdUA089J6FxZCtD8bY=,Y57nm099KUZdLU1y3ea4W43yGOU=
71,94,HSvw76lJdUdUA089J6FxZCtD8bY=,Y57nm099KUZdLU1y3ea4W43yGOU=
69,94,HSvw76lJdUdUA089J6FxZCtD8bY=,Y57nm099KUZdLU1y3ea4W43yGOU=
68,94,HSvw76lJdUdUA089J6FxZCtD8bY=,Y57nm099KUZdLU1y3ea4W43yGOU=
70,94,HSvw76lJdUdUA089J6FxZCtD8bY=,Y57nm099KUZdLU1y3ea4W43yGOU=
67,94,HSvw76lJdUdUA089J6FxZCtD8bY=,Y57nm099KUZdLU1y3ea4W43yGOU=
66,94,HSvw76lJdUdUA089J6FxZCtD8bY=,Y57nm099KUZdLU1y3ea4W43yGOU=
65,94,HSvw76lJdUdUA089J6FxZCtD8bY=,Y57nm099KUZdLU1y3ea4W43yGOU=
79,93,HSvw76lJdUdUA089J6FxZCtD8bY=,Y57nm099KUZdLU1y3ea4W43yGOU=
64,94,HSvw76lJdUdUA089J6FxZCtD8bY=,Y57nm099KUZdLU1y3ea4W43yGOU=
77,93,HSvw76lJdUdUA089J6FxZCtD8bY=,Y57nm099KUZdLU1y3ea4W43yGOU=
78,93,HSvw76lJdUdUA089J6FxZCtD8bY=,Y57nm099KUZdLU1y3ea4W43yGOU=
76,93,HSvw76lJdUdUA089J6FxZCtD8bY=,Y57nm099KUZdLU1y3ea4W43yGOU=
75,93,HSvw76lJdUdUA089J6FxZCtD8bY=,Y57nm099KUZdLU1y3ea4W43yGOU=
74,93,HSvw76lJdUdUA089J6FxZCtD8bY=,Y57nm099KUZdLU1y3ea4W43yGOU=
73,93,HSvw76lJdUdUA089J6FxZCtD8bY=,Y57nm099KUZdLU1y3ea4W43yGOU=
72,93,HSvw76lJdUdUA089J6FxZCtD8bY=,Y57nm099KUZdLU1y3ea4W43yGOU=
71,93,HSvw76lJdUdUA089J6FxZCtD8bY=,Y57nm099KUZdLU1y3ea4W43yGOU=
69,93,HSvw76lJdUdUA089J6FxZCtD8bY=,Y57nm099KUZdLU1y3ea4W43yGOU=
70,93,HSvw76lJdUdUA089J6FxZCtD8bY=,Y57nm099KUZdLU1y3ea4W43yGOU=
68,93,HSvw76lJdUdUA089J6FxZCtD8bY=,Y57nm099KUZdLU1y3ea4W43yGOU=
67,93,HSvw76lJdUdUA089J6FxZCtD8bY=,Y57nm099KUZdLU1y3ea4W43yGOU=
66,93,HSvw76lJdUdUA089J6FxZCtD8bY=,Y57nm099KUZdLU1y3ea4W43yGOU=
65,93,HSvw76lJdUdUA089J6FxZCtD8bY=,Y57nm099KUZdLU1y3ea4W43yGOU=
64,93,HSvw76lJdUdUA089J6FxZCtD8bY=,Y57nm099KUZdLU1y3ea4W43yGOU=
79,92,HSvw76lJdUdUA089J6FxZCtD8bY=,Y57nm099KUZdLU1y3ea4W43yGOU=
78,92,HSvw76lJdUdUA089J6FxZCtD8bY=,Y57nm099KUZdLU1y3ea4W43yGOU=
77,92,HSvw76lJdUdUA089J6FxZCtD8bY=,Y57nm099KUZdLU1y3ea4W43yGOU=
76,92,HSvw76lJdUdUA089J6FxZCtD8bY=,Y57nm099KUZdLU1y3ea4W43yGOU=
75,92,HSvw76lJdUdUA089J6FxZCtD8bY=,Y57nm099KUZdLU1y3ea4W43yGOU=
74,92,HSvw76lJdUdUA089J6FxZCtD8bY=,Y57nm099KUZdLU1y3ea4W43yGOU=
73,92,HSvw76lJdUdUA089J6FxZCtD8bY=,Y57nm099KUZdLU1y3ea4W43yGOU=
72,92,HSvw76lJdUdUA089J6FxZCtD8bY=,Y57nm099KUZdLU1y3ea4W43yGOU=
70,92,HSvw76lJdUdUA089J6FxZCtD8bY=,Y57nm099KUZdLU1y3ea4W43yGOU=
68,92,HSvw76lJdUdUA089J6FxZCtD8bY=,Y57nm099KUZdLU1y3ea4W43yGOU=
69,92,HSvw76lJdUdUA089J6FxZCtD8bY=,Y57nm099KUZdLU1y3ea4W43yGOU=
67,92,HSvw76lJdUdUA089J6FxZCtD8bY=,Y57nm099KUZdLU1y3ea4W43yGOU=
71,92,HSvw76lJdUdUA089J6FxZCtD8bY=,Y57nm099KUZdLU1y3ea4W43yGOU=
66,92,HSvw76lJdUdUA089J6FxZCtD8bY=,Y57nm099KUZdLU1y3ea4W43yGOU=
65,92,HSvw76lJdUdUA089J6FxZCtD8bY=,Y57nm099KUZdLU1y3ea4W43yGOU=
64,92,HSvw76lJdUdUA089J6FxZCtD8bY=,Y57nm099KUZdLU1y3ea4W43yGOU=
79,82,HSvw76lJdUdUA089J6FxZCtD8bY=,Y57nm099KUZdLU1y3ea4W43yGOU=
79,91,HSvw76lJdUdUA089J6FxZCtD8bY=,Y57nm099KUZdLU1y3ea4W43yGOU=
79,81,HSvw76lJdUdUA089J6FxZCtD8bY=,Y57nm099KUZdLU1y3ea4W43yGOU=
78,81,HSvw76lJdUdUA089J6FxZCtD8bY=,Y57nm099KUZdLU1y3ea4W43yGOU=
78,91,HSvw76lJdUdUA089J6FxZCtD8bY=,Y57nm099KUZdLU1y3ea4W43yGOU=
76,91,HSvw76lJdUdUA089J6FxZCtD8bY=,Y57nm099KUZdLU1y3ea4W43yGOU=
75,91,HSvw76lJdUdUA089J6FxZCtD8bY=,Y57nm099KUZdLU1y3ea4W43yGOU=
77,91,HSvw76lJdUdUA089J6FxZCtD8bY=,Y57nm099KUZdLU1y3ea4W43yGOU=
73,91,HSvw76lJdUdUA089J6FxZCtD8bY=,Y57nm099KUZdLU1y3ea4W43yGOU=
74,91,HSvw76lJdUdUA089J6FxZCtD8bY=,Y57nm099KUZdLU1y3ea4W43yGOU=
72,91,HSvw76lJdUdUA089J6FxZCtD8bY=,Y57nm099KUZdLU1y3ea4W43yGOU=
70,91,HSvw76lJdUdUA089J6FxZCtD8bY=,Y57nm099KUZdLU1y3ea4W43yGOU=
69,91,HSvw76lJdUdUA089J6FxZCtD8bY=,Y57nm099KUZdLU1y3ea4W43yGOU=
71,91,HSvw76lJdUdUA089J6FxZCtD8bY=,Y57nm099KUZdLU1y3ea4W43yGOU=
68,91,HSvw76lJdUdUA089J6FxZCtD8bY=,Y57nm099KUZdLU1y3ea4W43yGOU=
67,91,HSvw76lJdUdUA089J6FxZCtD8bY=,Y57nm099KUZdLU1y3ea4W43yGOU=
66,91,HSvw76lJdUdUA089J6FxZCtD8bY=,Y57nm099KUZdLU1y3ea4W43yGOU=
65,91,HSvw76lJdUdUA089J6FxZCtD8bY=,Y57nm099KUZdLU1y3ea4W43yGOU=
78,82,HSvw76lJdUdUA089J6FxZCtD8bY=,Y57nm099KUZdLU1y3ea4W43yGOU=
64,91,HSvw76lJdUdUA089J6FxZCtD8bY=,Y57nm099KUZdLU1y3ea4W43yGOU=
77,81,HSvw76lJdUdUA089J6FxZCtD8bY=,Y57nm099KUZdLU1y3ea4W43yGOU=
79,90,HSvw76lJdUdUA089J6FxZCtD8bY=,Y57nm099KUZdLU1y3ea4W43yGOU=
78,90,HSvw76lJdUdUA089J6FxZCtD8bY=,Y57nm099KUZdLU1y3ea4W43yGOU=
77,90,HSvw76lJdUdUA089J6FxZCtD8bY=,Y57nm099KUZdLU1y3ea4W43yGOU=
76,90,HSvw76lJdUdUA089J6FxZCtD8bY=,Y57nm099KUZdLU1y3ea4W43yGOU=
74,90,HSvw76lJdUdUA089J6FxZCtD8bY=,Y57nm099KUZdLU1y3ea4W43yGOU=
73,90,HSvw76lJdUdUA089J6FxZCtD8bY=,Y57nm099KUZdLU1y3ea4W43yGOU=
71,90,HSvw76lJdUdUA089J6FxZCtD8bY=,Y57nm099KUZdLU1y3ea4W43yGOU=
70,90,HSvw76lJdUdUA089J6FxZCtD8bY=,Y57nm099KUZdLU1y3ea4W43yGOU=
72,90,HSvw76lJdUdUA089J6FxZCtD8bY=,Y57nm099KUZdLU1y3ea4W43yGOU=
75,90,HSvw76lJdUdUA089J6FxZCtD8bY=,Y57nm099KUZdLU1y3ea4W43yGOU=
69,90,HSvw76lJdUdUA089J6FxZCtD8bY=,Y57nm099KUZdLU1y3ea4W43yGOU=
68,90,HSvw76lJdUdUA089J6FxZCtD8bY=,Y57nm099KUZdLU1y3ea4W43yGOU=
67,90,HSvw76lJdUdUA089J6FxZCtD8bY=,Y57nm099KUZdLU1y3ea4W43yGOU=
66,90,HSvw76lJdUdUA089J6FxZCtD8bY=,Y57nm099KUZdLU1y3ea4W43yGOU=
65,90,HSvw76lJdUdUA089J6FxZCtD8bY=,Y57nm099KUZdLU1y3ea4W43yGOU=
77,82,HSvw76lJdUdUA089J6FxZCtD8bY=,Y57nm099KUZdLU1y3ea4W43yGOU=
64,90,HSvw76lJdUdUA089J6FxZCtD8bY=,Y57nm099KUZdLU1y3ea4W43yGOU=
79,89,HSvw76lJdUdUA089J6FxZCtD8bY=,Y57nm099KUZdLU1y3ea4W43yGOU=
78,89,HSvw76lJdUdUA089J6FxZCtD8bY=,Y57nm099KUZdLU1y3ea4W43yGOU=
77,89,HSvw76lJdUdUA089J6FxZCtD8bY=,Y57nm099KUZdLU1y3ea4W43yGOU=
76,89,HSvw76lJdUdUA089J6FxZCtD8bY=,Y57nm099KUZdLU1y3ea4W43yGOU=
74,89,HSvw76lJdUdUA089J6FxZCtD8bY=,Y57nm099KUZdLU1y3ea4W43yGOU=
73,89,HSvw76lJdUdUA089J6FxZCtD8bY=,Y57nm099KUZdLU1y3ea4W43yGOU=
75,89,HSvw76lJdUdUA089J6FxZCtD8bY=,Y57nm099KUZdLU1y3ea4W43yGOU=
71,89,HSvw76lJdUdUA089J6FxZCtD8bY=,Y57nm099KUZdLU1y3ea4W43yGOU=
72,89,HSvw76lJdUdUA089J6FxZCtD8bY=,Y57nm099KUZdLU1y3ea4W43yGOU=
70,89,HSvw76lJdUdUA089J6FxZCtD8bY=,Y57nm099KUZdLU1y3ea4W43yGOU=
69,89,HSvw76lJdUdUA089J6FxZCtD8bY=,Y57nm099KUZdLU1y3ea4W43yGOU=
68,89,HSvw76lJdUdUA089J6FxZCtD8bY=,Y57nm099KUZdLU1y3ea4W43yGOU=
66,89,HSvw76lJdUdUA089J6FxZCtD8bY=,Y57nm099KUZdLU1y3ea4W43yGOU=
67,89,HSvw76lJdUdUA089J6FxZCtD8bY=,Y57nm099KUZdLU1y3ea4W43yGOU=
65,89,HSvw76lJdUdUA089J6FxZCtD8bY=,Y57nm099KUZdLU1y3ea4W43yGOU=
64,89,HSvw76lJdUdUA089J6FxZCtD8bY=,Y57nm099KUZdLU1y3ea4W43yGOU=
76,82,HSvw76lJdUdUA089J6FxZCtD8bY=,Y57nm099KUZdLU1y3ea4W43yGOU=
79,88,HSvw76lJdUdUA089J6FxZCtD8bY=,Y57nm099KUZdLU1y3ea4W43yGOU=
78,88,HSvw76lJdUdUA089J6FxZCtD8bY=,Y57nm099KUZdLU1y3ea4W43yGOU=
77,88,HSvw76lJdUdUA089J6FxZCtD8bY=,Y57nm099KUZdLU1y3ea4W43yGOU=
76,88,HSvw76lJdUdUA089J6FxZCtD8bY=,Y57nm099KUZdLU1y3ea4W43yGOU=
75,88,HSvw76lJdUdUA089J6FxZCtD8bY=,Y57nm099KUZdLU1y3ea4W43yGOU=
74,88,HSvw76lJdUdUA089J6FxZCtD8bY=,Y57nm099KUZdLU1y3ea4W43yGOU=
73,88,HSvw76lJdUdUA089J6FxZCtD8bY=,Y57nm099KUZdLU1y3ea4W43yGOU=
72,88,HSvw76lJdUdUA089J6FxZCtD8bY=,Y57nm099KUZdLU1y3ea4W43yGOU=
70,88,HSvw76lJdUdUA089J6FxZCtD8bY=,Y57nm099KUZdLU1y3ea4W43yGOU=
71,88,HSvw76lJdUdUA089J6FxZCtD8bY=,Y57nm099KUZdLU1y3ea4W43yGOU=
69,88,HSvw76lJdUdUA089J6FxZCtD8bY=,Y57nm099KUZdLU1y3ea4W43yGOU=
68,88,HSvw76lJdUdUA089J6FxZCtD8bY=,Y57nm099KUZdLU1y3ea4W43yGOU=
67,88,HSvw76lJdUdUA089J6FxZCtD8bY=,Y57nm099KUZdLU1y3ea4W43yGOU=
65,88,HSvw76lJdUdUA089J6FxZCtD8bY=,Y57nm099KUZdLU1y3ea4W43yGOU=
64,88,HSvw76lJdUdUA089J6FxZCtD8bY=,Y57nm099KUZdLU1y3ea4W43yGOU=
79,87,HSvw76lJdUdUA089J6FxZCtD8bY=,Y57nm099KUZdLU1y3ea4W43yGOU=
78,87,HSvw76lJdUdUA089J6FxZCtD8bY=,Y57nm099KUZdLU1y3ea4W43yGOU=
77,87,HSvw76lJdUdUA089J6FxZCtD8bY=,Y57nm099KUZdLU1y3ea4W43yGOU=
76,87,HSvw76lJdUdUA089J6FxZCtD8bY=,Y57nm099KUZdLU1y3ea4W43yGOU=
74,87,HSvw76lJdUdUA089J6FxZCtD8bY=,Y57nm099KUZdLU1y3ea4W43yGOU=
73,87,HSvw76lJdUdUA089J6FxZCtD8bY=,Y57nm099KUZdLU1y3ea4W43yGOU=
75,87,HSvw76lJdUdUA089J6FxZCtD8bY=,Y57nm099KUZdLU1y3ea4W43yGOU=
72,87,HSvw76lJdUdUA089J6FxZCtD8bY=,Y57nm099KUZdLU1y3ea4W43yGOU=
71,87,HSvw76lJdUdUA089J6FxZCtD8bY=,Y57nm099KUZdLU1y3ea4W43yGOU=
70,87,HSvw76lJdUdUA089J6FxZCtD8bY=,Y57nm099KUZdLU1y3ea4W43yGOU=
69,87,HSvw76lJdUdUA089J6FxZCtD8bY=,Y57nm099KUZdLU1y3ea4W43yGOU=
67,87,HSvw76lJdUdUA089J6FxZCtD8bY=,Y57nm099KUZdLU1y3ea4W43yGOU=
68,87,HSvw76lJdUdUA089J6FxZCtD8bY=,Y57nm099KUZdLU1y3ea4W43yGOU=
66,87,HSvw76lJdUdUA089J6FxZCtD8bY=,Y57nm099KUZdLU1y3ea4W43yGOU=
64,87,HSvw76lJdUdUA089J6FxZCtD8bY=,Y57nm099KUZdLU1y3ea4W43yGOU=
66,88,HSvw76lJdUdUA089J6FxZCtD8bY=,Y57nm099KUZdLU1y3ea4W43yGOU=
79,86,HSvw76lJdUdUA089J6FxZCtD8bY=,Y57nm099KUZdLU1y3ea4W43yGOU=
65,87,HSvw76lJdUdUA089J6FxZCtD8bY=,Y57nm099KUZdLU1y3ea4W43yGOU=
78,86,HSvw76lJdUdUA089J6FxZCtD8bY=,Y57nm099KUZdLU1y3ea4W43yGOU=
77,86,HSvw76lJdUdUA089J6FxZCtD8bY=,Y57nm099KUZdLU1y3ea4W43yGOU=
76,86,HSvw76lJdUdUA089J6FxZCtD8bY=,Y57nm099KUZdLU1y3ea4W43yGOU=
75,86,HSvw76lJdUdUA089J6FxZCtD8bY=,Y57nm099KUZdLU1y3ea4W43yGOU=
74,86,HSvw76lJdUdUA089J6FxZCtD8bY=,Y57nm099KUZdLU1y3ea4W43yGOU=
72,86,HSvw76lJdUdUA089J6FxZCtD8bY=,Y57nm099KUZdLU1y3ea4W43yGOU=
71,86,HSvw76lJdUdUA089J6FxZCtD8bY=,Y57nm099KUZdLU1y3ea4W43yGOU=
73,86,HSvw76lJdUdUA089J6FxZCtD8bY=,Y57nm099KUZdLU1y3ea4W43yGOU=
70,86,HSvw76lJdUdUA089J6FxZCtD8bY=,Y57nm099KUZdLU1y3ea4W43yGOU=
69,86,HSvw76lJdUdUA089J6FxZCtD8bY=,Y57nm099KUZdLU1y3ea4W43yGOU=
67,86,HSvw76lJdUdUA089J6FxZCtD8bY=,Y57nm099KUZdLU1y3ea4W43yGOU=
68,86,HSvw76lJdUdUA089J6FxZCtD8bY=,Y57nm099KUZdLU1y3ea4W43yGOU=
66,86,HSvw76lJdUdUA089J6FxZCtD8bY=,Y57nm099KUZdLU1y3ea4W43yGOU=
65,86,HSvw76lJdUdUA089J6FxZCtD8bY=,Y57nm099KUZdLU1y3ea4W43yGOU=
64,86,HSvw76lJdUdUA089J6FxZCtD8bY=,Y57nm099KUZdLU1y3ea4W43yGOU=
79,85,HSvw76lJdUdUA089J6FxZCtD8bY=,Y57nm099KUZdLU1y3ea4W43yGOU=
78,85,HSvw76lJdUdUA089J6FxZCtD8bY=,Y57nm099KUZdLU1y3ea4W43yGOU=
76,85,HSvw76lJdUdUA089J6FxZCtD8bY=,Y57nm099KUZdLU1y3ea4W43yGOU=
75,85,HSvw76lJdUdUA089J6FxZCtD8bY=,Y57nm099KUZdLU1y3ea4W43yGOU=
74,85,HSvw76lJdUdUA089J6FxZCtD8bY=,Y57nm099KUZdLU1y3ea4W43yGOU=
77,85,HSvw76lJdUdUA089J6FxZCtD8bY=,Y57nm099KUZdLU1y3ea4W43yGOU=
73,85,HSvw76lJdUdUA089J6FxZCtD8bY=,Y57nm099KUZdLU1y3ea4W43yGOU=
71,85,HSvw76lJdUdUA089J6FxZCtD8bY=,Y57nm099KUZdLU1y3ea4W43yGOU=
72,85,HSvw76lJdUdUA089J6FxZCtD8bY=,Y57nm099KUZdLU1y3ea4W43yGOU=
70,85,HSvw76lJdUdUA089J6FxZCtD8bY=,Y57nm099KUZdLU1y3ea4W43yGOU=
69,85,HSvw76lJdUdUA089J6FxZCtD8bY=,Y57nm099KUZdLU1y3ea4W43yGOU=
68,85,HSvw76lJdUdUA089J6FxZCtD8bY=,Y57nm099KUZdLU1y3ea4W43yGOU=
67,85,HSvw76lJdUdUA089J6FxZCtD8bY=,Y57nm099KUZdLU1y3ea4W43yGOU=
66,85,HSvw76lJdUdUA089J6FxZCtD8bY=,Y57nm099KUZdLU1y3ea4W43yGOU=
65,85,HSvw76lJdUdUA089J6FxZCtD8bY=,Y57nm099KUZdLU1y3ea4W43yGOU=
64,85,HSvw76lJdUdUA089J6FxZCtD8bY=,Y57nm099KUZdLU1y3ea4W43yGOU=
79,84,HSvw76lJdUdUA089J6FxZCtD8bY=,Y57nm099KUZdLU1y3ea4W43yGOU=
78,84,HSvw76lJdUdUA089J6FxZCtD8bY=,Y57nm099KUZdLU1y3ea4W43yGOU=
76,84,HSvw76lJdUdUA089J6FxZCtD8bY=,Y57nm099KUZdLU1y3ea4W43yGOU=
75,84,HSvw76lJdUdUA089J6FxZCtD8bY=,Y57nm099KUZdLU1y3ea4W43yGOU=
71,84,HSvw76lJdUdUA089J6FxZCtD8bY=,Y57nm099KUZdLU1y3ea4W43yGOU=
74,84,HSvw76lJdUdUA089J6FxZCtD8bY=,Y57nm099KUZdLU1y3ea4W43yGOU=
70,84,HSvw76lJdUdUA089J6FxZCtD8bY=,Y57nm099KUZdLU1y3ea4W43yGOU=
69,84,HSvw76lJdUdUA089J6FxZCtD8bY=,Y57nm099KUZdLU1y3ea4W43yGOU=
68,84,HSvw76lJdUdUA089J6FxZCtD8bY=,Y57nm099KUZdLU1y3ea4W43yGOU=
67,84,HSvw76lJdUdUA089J6FxZCtD8bY=,Y57nm099KUZdLU1y3ea4W43yGOU=
66,84,HSvw76lJdUdUA089J6FxZCtD8bY=,Y57nm099KUZdLU1y3ea4W43yGOU=
64,84,HSvw76lJdUdUA089J6FxZCtD8bY=,Y57nm099KUZdLU1y3ea4W43yGOU=
65,84,HSvw76lJdUdUA089J6FxZCtD8bY=,Y57nm099KUZdLU1y3ea4W43yGOU=
79,83,HSvw76lJdUdUA089J6FxZCtD8bY=,Y57nm099KUZdLU1y3ea4W43yGOU=
78,83,HSvw76lJdUdUA089J6FxZCtD8bY=,Y57nm099KUZdLU1y3ea4W43yGOU=
77,83,HSvw76lJdUdUA089J6FxZCtD8bY=,Y57nm099KUZdLU1y3ea4W43yGOU=
76,83,HSvw76lJdUdUA089J6FxZCtD8bY=,Y57nm099KUZdLU1y3ea4W43yGOU=
72,83,HSvw76lJdUdUA089J6FxZCtD8bY=,Y57nm099KUZdLU1y3ea4W43yGOU=
77,84,HSvw76lJdUdUA089J6FxZCtD8bY=,Y57nm099KUZdLU1y3ea4W43yGOU=
79,80,HSvw76lJdUdUA089J6FxZCtD8bY=,Y57nm099KUZdLU1y3ea4W43yGOU=
78,80,HSvw76lJdUdUA089J6FxZCtD8bY=,Y57nm099KUZdLU1y3ea4W43yGOU=
77,80,HSvw76lJdUdUA089J6FxZCtD8bY=,Y57nm099KUZdLU1y3ea4W43yGOU=
68,80,HSvw76lJdUdUA089J6FxZCtD8bY=,Y57nm099KUZdLU1y3ea4W43yGOU=
69,82,HSvw76lJdUdUA089J6FxZCtD8bY=,Y57nm099KUZdLU1y3ea4W43yGOU=
67,81,HSvw76lJdUdUA089J6FxZCtD8bY=,Y57nm099KUZdLU1y3ea4W43yGOU=
68,83,HSvw76lJdUdUA089J6FxZCtD8bY=,Y57nm099KUZdLU1y3ea4W43yGOU=
66,80,HSvw76lJdUdUA089J6FxZCtD8bY=,Y57nm099KUZdLU1y3ea4W43yGOU=
68,82,HSvw76lJdUdUA089J6FxZCtD8bY=,Y57nm099KUZdLU1y3ea4W43yGOU=
75,80,HSvw76lJdUdUA089J6FxZCtD8bY=,Y57nm099KUZdLU1y3ea4W43yGOU=
66,83,HSvw76lJdUdUA089J6FxZCtD8bY=,Y57nm099KUZdLU1y3ea4W43yGOU=
76,80,HSvw76lJdUdUA089J6FxZCtD8bY=,Y57nm099KUZdLU1y3ea4W43yGOU=
65,80,HSvw76lJdUdUA089J6FxZCtD8bY=,Y57nm099KUZdLU1y3ea4W43yGOU=
74,82,HSvw76lJdUdUA089J6FxZCtD8bY=,Y57nm099KUZdLU1y3ea4W43yGOU=
65,83,HSvw76lJdUdUA089J6FxZCtD8bY=,Y57nm099KUZdLU1y3ea4W43yGOU=
69,81,HSvw76lJdUdUA089J6FxZCtD8bY=,Y57nm099KUZdLU1y3ea4W43yGOU=
74,81,HSvw76lJdUdUA089J6FxZCtD8bY=,Y57nm099KUZdLU1y3ea4W43yGOU=
72,84,HSvw76lJdUdUA089J6FxZCtD8bY=,Y57nm099KUZdLU1y3ea4W43yGOU=
73,84,HSvw76lJdUdUA089J6FxZCtD8bY=,Y57nm099KUZdLU1y3ea4W43yGOU=
73,83,HSvw76lJdUdUA089J6FxZCtD8bY=,Y57nm099KUZdLU1y3ea4W43yGOU=
68,81,HSvw76lJdUdUA089J6FxZCtD8bY=,Y57nm099KUZdLU1y3ea4W43yGOU=
75,82,HSvw76lJdUdUA089J6FxZCtD8bY=,Y57nm099KUZdLU1y3ea4W43yGOU=
75,83,HSvw76lJdUdUA089J6FxZCtD8bY=,Y57nm099KUZdLU1y3ea4W43yGOU=
67,80,HSvw76lJdUdUA089J6FxZCtD8bY=,Y57nm099KUZdLU1y3ea4W43yGOU=
67,82,HSvw76lJdUdUA089J6FxZCtD8bY=,Y57nm099KUZdLU1y3ea4W43yGOU=
73,82,HSvw76lJdUdUA089J6FxZCtD8bY=,Y57nm099KUZdLU1y3ea4W43yGOU=
74,83,HSvw76lJdUdUA089J6FxZCtD8bY=,Y57nm099KUZdLU1y3ea4W43yGOU=
76,81,HSvw76lJdUdUA089J6FxZCtD8bY=,Y57nm099KUZdLU1y3ea4W43yGOU=
70,82,HSvw76lJdUdUA089J6FxZCtD8bY=,Y57nm099KUZdLU1y3ea4W43yGOU=
67,83,HSvw76lJdUdUA089J6FxZCtD8bY=,Y57nm099KUZdLU1y3ea4W43yGOU=
64,82,HSvw76lJdUdUA089J6FxZCtD8bY=,Y57nm099KUZdLU1y3ea4W43yGOU=
64,80,HSvw76lJdUdUA089J6FxZCtD8bY=,Y57nm099KUZdLU1y3ea4W43yGOU=
66,82,HSvw76lJdUdUA089J6FxZCtD8bY=,Y57nm099KUZdLU1y3ea4W43yGOU=
70,81,HSvw76lJdUdUA089J6FxZCtD8bY=,Y57nm099KUZdLU1y3ea4W43yGOU=
64,83,HSvw76lJdUdUA089J6FxZCtD8bY=,Y57nm099KUZdLU1y3ea4W43yGOU=
72,82,HSvw76lJdUdUA089J6FxZCtD8bY=,Y57nm099KUZdLU1y3ea4W43yGOU=
72,80,HSvw76lJdUdUA089J6FxZCtD8bY=,Y57nm099KUZdLU1y3ea4W43yGOU=
70,80,HSvw76lJdUdUA089J6FxZCtD8bY=,Y57nm099KUZdLU1y3ea4W43yGOU=
69,80,HSvw76lJdUdUA089J6FxZCtD8bY=,Y57nm099KUZdLU1y3ea4W43yGOU=
71,81,HSvw76lJdUdUA089J6FxZCtD8bY=,Y57nm099KUZdLU1y3ea4W43yGOU=
65,81,HSvw76lJdUdUA089J6FxZCtD8bY=,Y57nm099KUZdLU1y3ea4W43yGOU=
66,81,HSvw76lJdUdUA089J6FxZCtD8bY=,Y57nm099KUZdLU1y3ea4W43yGOU=
75,81,HSvw76lJdUdUA089J6FxZCtD8bY=,Y57nm099KUZdLU1y3ea4W43yGOU=
74,80,HSvw76lJdUdUA089J6FxZCtD8bY=,Y57nm099KUZdLU1y3ea4W43yGOU=
73,80,HSvw76lJdUdUA089J6FxZCtD8bY=,Y57nm099KUZdLU1y3ea4W43yGOU=
64,81,HSvw76lJdUdUA089J6FxZCtD8bY=,Y57nm099KUZdLU1y3ea4W43yGOU=
71,80,HSvw76lJdUdUA089J6FxZCtD8bY=,Y57nm099KUZdLU1y3ea4W43yGOU=
73,81,HSvw76lJdUdUA089J6FxZCtD8bY=,Y57nm099KUZdLU1y3ea4W43yGOU=
65,82,HSvw76lJdUdUA089J6FxZCtD8bY=,Y57nm099KUZdLU1y3ea4W43yGOU=
71,82,HSvw76lJdUdUA089J6FxZCtD8bY=,Y57nm099KUZdLU1y3ea4W43yGOU=
72,81,HSvw76lJdUdUA089J6FxZCtD8bY=,Y57nm099KUZdLU1y3ea4W43yGOU=
